Zeitstempel;Name up to three movies from the 90s;Name up to three actors;Name up to three music genres;Name up to three books;Name up to three (book) authors;Name up to three politicians;Name up to three US presidents;Name up to three cities;Name up to three lakes;Name up to three mountains;Name up to three european capital cities;Name up to three european countries;Name up to three asian countries;Name up to three continents;Name up to three birds;Name up to three african animals;Name up to three pieces of furniture;Name up to three vegetables;Name up to three types of fast food;Name up to three landmarks/sights in Europe;Name up to three companies listed in the DAX (German stock index);Name up to three US companies;Name up to three US tech companies;What is your age?;What gender do you identify with?;What is the highest degree you have completed?;Which country are you from?
2022/02/28 5:09:27 PM OEZ;The Matrix, Groundhog Day, Goodfellas;Tom Cruise, Amy Adams, Arnold Schwarzenegger;Pop, Techno, Rap;Dune, How Democracies Die, Harry Potter;Frank Herbert, George R. R. Martin, J. K. Rowling ;Barack Obama, Olaf Scholz, Robert Habeck;Barack Obama, Joe Biden, George Washington;Berlin, New York, Moskau;Bodensee, Lake Victoria, Lake Tahoe;K2, Zugspitze, Brocken;Berlin, Paris, London;Germany, France, Italy;Japan, China, India;Europe, Africa, Asia;Robin, Mockingbird, Pelican;Lion, Elefant, Honey Badger;Chair, Table, Lamp;Peas, Carrot, Tomato;French Fries, Burger, Pizza;Eiffel tower, Brandenburger Gate, Colosseum;SAP, Allianz, Lufthansa;Microsoft, T-Mobile, Ralph Lauren;Apple, Google, Tesla;26;Male;Bachelor's degree;Germany
2022/03/01 5:03:02 PM OEZ;Batman, Matrix, Eyes Wide Shut;Jack Nicholson, Nicole Kidman, George Clooney;Metal, Rock, Pop;Hamlet, Faust, Werther;Shakespeare, Goethe, Stephen King;Angela Merkel, Joe Biden, George W. Bush;Joe Biden, Goerge W. Bush, Barack Obama;New York, Amsterdam, Berlin;Lake Geneva, Lake Tahoe, Lake Eerie;Mount Everest, Matterhorn, Nanga Parbat;Amsterdam, Berlin, Rome;Germany, France, Italy;China, Japan, Korea;Europe, Africa, America;Ostrich, Owl, Mockingbird;Elephant, Lion, Zebra;Chair, Table, Sofa;Cucumber, Tomato, Zucchini;Burger, Pizza, Fries;Eiffel Tower, Tower Bridge, Tower of Pisa;SAP, BMW, Siemens;Ford, General Electric, Meta;Meta, Alphabet, Zoom;44;Male;Doctorate (e.g. PhD);Germany
2022/03/01 5:34:10 PM OEZ;Total Recall, Lethal Weapon, Predator;Gérard Depardieu, Christina Ricci, Brad Pitt;Funk, Rock, Electro;Hyperion, Harry Potter, Game of Thrones;Asimov, Frank Herbert, Simmons;Jean-Luc Mélenchon, Raphaël Correa, Gabriel Boric;George Washington, Abraham Lincoln, Richard Nixon;Paris, New York, Istanbul;Erie, Léman;Kilimandjaro, Everest, Mont-Blanc;Paris, London, Madrid;France, Germany, Italy;Japan, China, Corea;Europe, Asia, America;Nightingale, Swallow, Pelican;Leopard, Hyena, Gazelle;Table, Cupboard, Chair;Leek, Cabbage, Potato;Burger, Poutine, Hotdog;Eiffel Tower, Pisa Tower, Stonehenge;Bayer, BMW, Volkswagen;General Motors, General Electric, McDonals;Google, Amazon, Microsoft;46;Male;Bachelor's degree;France
2022/03/01 6:25:03 PM OEZ;Léon: The Professional, The Matrix, Departed ;Brad Pitt, Denzel Washington, George Clooney;Techno, House, Jazz;Illuminati, Das Kapital, The Prisoner;J. K. Rowling, John Grisham, Dan Brown;Robert Habeck, Olaf Scholz, Martin Schulz;Donald Trump, John F. Kennedy, Gerald Ford;Berlin, New York, Kyiv;Gardasee, Lake Michigan, Bodensee;K2, Mount Everest, Zugspitze;Berlin, Paris, Madrid;Germany, France, UK;Thailand, Vietnam, China;Europe, North America, Asia;Eagle, Magpie, Owl;Zebra, Elephant, Lion;Bed, Sofa, Table;Zucchini, Aubergine, Peppers;Burger, Fries, Pizza;Eiffeltower, Brandenburg Gate, London Eye;Deutsche Lufthansa AG, Volkswagen AG, Fresenius AG;Apple, Alphabet, Tesla Motors;Alphabet, Apple, Oracle;28;Male;Master's degree;Germany
2022/03/01 6:31:24 PM OEZ;Home Alone, matrix, titanic ;Nicole Kidman, Meryl Streep, Penelope Cruz;Jazz, pop, hip-hop;Idiot, Noisy Bear, Being and Time;Dostoevsky, Nabokov, Bradbury;Merkel, Obama, Biden;Obama, Biden, Lincoln ;Leuven, Chisinau, Moscow;Geneva lake Baikal lake, Lugano Lake;Alps, Jura, Carpaty ;Brussels, Paris, Berlin;Austria, Germany, France ;Vietnam, Thailand, Japan ;Asia, Africa, Australia ;Sparrow, eagle, gull;Elephant, zebra, giraffe;Chair, table, cabinet;Bell pepper, aubergine, tomato;Fries, burger, nuggets ;Eiffel Tower, Big Ben, Maneken Piss;Zalando, Volkswagen, Daimler;Walmart, Amazon, Apple;Tesla, Google, Microsoft ;34;Female;Master's degree;Switzerland 
2022/03/01 7:08:11 PM OEZ;Matrix;Leonardo DiCaprio, Dwayne Johnson, Tom Holland;Pop, Jazz, Swing;Artemis Fowl, Harry Potter and the Philisopher's Stone, Dune;J.K. Rowling, George R. R. Martin, Eoin Colfer;Angela Merkel, Emanuel Macron, Olaf Scholz;Barrack Obama, Donald Trump, Joe Biden;Paris, Berlin, London;Bodensee;Mount Everest, Zugspitze, Mount Rushmore;Berlin, Amsterdam, Paris;Germany, France, Spain;China, Korea, Japan;Asia, Europe, Africa;Eagle, Dove, Pigeon;Elephant, Lion, Hyena;Chair, Sofa, Table;Zucchini, Eggplant, Carrot;Burgers, Sandwiches, Pizza;Eiffel Tower, Brandenburger Tor, Neuschwansteiner Schloss;Mercedes-Benz, BASF, SAP;Microsoft, Apple, Google;Apple, Microsoft, Google;27;Male;Bachelor's degree;Germany
2022/03/01 7:27:46 PM OEZ;Oceans 11, Star Wars, Harry Potter;George Clooney, Amanda Seyfried, Matt Damon;Rock, Pop, Classic;Unterleuten, Vernichtung, Lord of the Flies;Juli Zeh, Michel Houellebecq, Michael Lewis;Angela Merkel, Boris Johnson, Arnold Schwarzenegger;Washington, Adams, Madison;Brussels, London, Berlin;Garda lake, Tegernsee, Bodensee;Mont Blanc, Mount Everest, K2;Brussels, London, Berlin;Germany, Switzerland, Denmark;Myanmar, China, Japan;Europe, Africa, Asia;Eagle, Sparrow, Duck;Lion, Giraffe, elephant ;Couch, Chair, Wardrobe;Cucumber, Tomato, Grapes;Burger, Pommes, Döner;Brandenburg Gate, Big Ben, Tower Bridge;SAP, BASF, Zalando;Stripe, Apple, Microsoft;Stripe, Apple, Microsoft;27;Male;Master's degree;Germany
2022/03/01 7:39:15 PM OEZ;Pretty Woman, Der mit dem Wolf tanzt, Das Schweigen der Lämmer;Angelina Jolie, Bratt Pitt, Moritz Bleibtreu;Jazz, R'n'B, HipHop;Kleider machen Leute, Bibel, Meine Spielzüge;J.K. Rowling, Sebastian Fitzek, Martin Suter;Merkel, Clinton, Putin;Clinton, Bush, Trump;Berlin, Amsterdam, Köln;Bodenseee, Gardasee, Michigansee;Vogelsberg, Sandberg, K2;Rome, Brüssel, Berlin;Bulgarien, Polen, Italien;Thailand, China, Pakistan;Asien, Afrika, Europa;Adler, Bussard, Amsel;Löwe, Elefant, Antilope;Stuhl, Tisch, Schrank;Gurke, Paprika, Radieschen;Burger, Pizza, Asiatisch;Eifelturm, Brandenburger Tor, London Eye;BASF, BMW, Allianz;3M, AT&T, Nike;Amazon, Apple, Alphabet;27;Male;Master's degree;Germany
2022/03/01 7:49:14 PM OEZ;American Pie 1, American Pie 2, American Pie 3;Brad Pitt, Robert de Niro, Ben Affleck;Rap, Pop, Metal;Souverän investieren mit etf's, Der Herr der Ringe, 1984;Sebastian Fitzek, Gerd Kommer;Olaf Scholz, Vladimir Putin, Ursula von der Leyen;Bill Clinton, George W. Bush, Barack Obama;Berlin, London, Belfast;Bodensee, Gardasee, Tegernsee;Mount Everest, Königstuhl, Großglockner;Berlin, Paris, London;Germany, Austria, Switzerland;Taiwan, West Taiwan, Japan;Europe, Africa, Australia;Eagle, Falcon, Ostrich;Lion, Elephant, Giraffe;Couch, Dining Table, Bed;Potatoes, Carotte, Beans;Bürger, Pizza, Chips ;Odenwald, Alps, Cote d'azur;Volkswagen, Adidas, Rheinmetall;Apple, Google, Microsoft;Apple, Google, Microsoft;28;Male;High school degree or equivalent;Germany
2022/03/01 8:02:17 PM OEZ;Matrix, Pulp Fiction, Shawshank Redemption ;Robert De Niro, Tom Hanks, Christoph Waltz;Rock, Pop, Classical;1984, Harry Potter and the Philosopher's Stone, Lord of the rings;George Orwell, George R. R. Martin, Ernest Cline;Wladimir Putin, Marcus Tullius Cicero, Angela Merkel ;George Washington, Abraham Lincoln, Barack Obama;Heidelberg, New York, Mailand ;Lake Constance, Lake Garda, Lake Baikal;Zugspitze, Mount Everest, Kilimanjaro;Rome, Madrid, London ;Germany, France, Spain ;China, Japan, India;Australia, North America, South America;Eagle, Penguin, Kiwi;Elephant, Giraffe, Chetah;Chair, Table, Bed ;Tomato, Potato, Carrot;Pizza, Döner Kebab, Currywurst ;Brandenburg Gate, Colosseum, Eiffel Tower;VW, SAP, Heidelberg Cement;Ford, GM, Google;Google, Palantir, Uber;29;Male;Master's degree;Germany
2022/03/01 8:06:29 PM OEZ;Batman Returns, The Rainmaker;Kevin Bacon, Leonardo DiCaprio, Angelina Jolie;Rock, Pop, Metal;the Bible, 1984;Marc Elsberg, George R.R. Martin, George Orwell;Merkel, Obama, Johnson;Obama, Bush, Biden;Berlin, Paris, Brussels;Bodensee, Lake Michigan;Zugspitze, Matterhorn, Mount Everest;Berlin, Brussels, Paris;Germany, Switzerland, Denmark;China, Japan, Nepal;Africa, Europa, Antarctica;Robin, Owl, Penguin;elephant, giraffe, lion;couch, table, chair;carrots;Burger, Falaffel, Döner;Zugspitze;Daimler, Volkswagen, SAP;Tesla, SpaceX, Ford;Meta, Apple, Google;26;Male;Master's degree;Germany
2022/03/01 8:09:41 PM OEZ;Jurrasic Park, Forrest Gump, Gina Wild 3;Schwarzenegger, Stallone, Bruno Ganz;Metal, Rock, Choral;Zauberberg, Faust, Krabat;Kästner, Goethe, Franzen;Kohl, Merkel, Stroebel;Trump, Washington, Roosevelt ;Hövelhof, Delbrück, Detmold ;Bodensee, Steinhuder Meer, Chiemsee;Kahler Asten, Brocken, Kilimandscharo ;Berlin, Paris, Rome;Monaco, Vatikanstaat, Ukraine;Russland, Mongolei, Kasachstan ;Asien, Afrika, Amerika ;Amsel, Drossel, Fink;Elefant, Löwe, Nilpferd ;Stuhl, Bett, Tisch;Gurke, Spinat, Grünkohl ;Burger, Pizza, Bratwurst ;Externsteine, Felsenmeer, Rheinfall;Siemens, Mercedes, Deutsche Bank;3M, GeneralMotors, Johnson & Johnson;Apple, Amazon, Nvidia;37;Male;Master's degree;Germany 
2022/03/01 8:35:25 PM OEZ;Nottinghill;Julia Roberts, Til Schweiger, Jan-Josef Liefers;Hip Hop, Dance, Trance;Homo Deus, Die Kunst zu Lieben, Frederick;J. J. Tolkin, J.K. Rowling, Marc-Uwe Kling;Angela Merkel, Donald Trump, Joe Biden;J.W. Bush, Barack Obama, Donald Trump;Mannheim, Berlin, Düsseldorf;Bodensee, Balaton;Zugspitze, Mont Blanc, K2;Paris, Berlin, Stockholm;France, Germany, Denmark;India, China, Japan;Europe, Asia, Africa;Amsel, Rotkelchen, Storch;elephant, girafe, antilope;chair, table, wardrobe;Cucumber, pepper, tomatoe;Burger, Kebab, Fries;Eiffel Tower, Brandenburger Tor, Schloß Neuschwanstein;Henkel, Daimler;IBM, Amazon, Google;IBM, Amazon, Google;24;Male;Master's degree;Germany
2022/03/01 8:50:24 PM OEZ;night before christmas;;Rock, Pop, Indie;Lord of the Rings, Harry Potter, Rubinrot;J.K. Rowling, Tolkien, Kerstin Gier;Olaf Scholz, Annalena Baerbock, Christian Lindner;Biden, Obama, Washington ;Berlin, Paris, Rome;Bodensee, Gardasee, Eibsee;Zugspitze, Mont Blanc, Fuji;Berlin, Paris, Brüssel ;Germany, France, Italy;Toyota, Fujitsu, Huawai;Afrika, Europe, Australia;Dove, Crow, stork;Lion, Elephant, Giraffe;Couch, Bed, Table;Bellpepper, eggplant, carrot;Burger, Pizza, Döner;Eifeltour, Coloseum, Neuschwanstein ;SAP, Lufthansa, BASF;Microsoft, Amazon and Apple ;Microsoft, Amazon and Apple ;26;Female;Master's degree;Germany
2022/03/01 9:15:19 PM OEZ;Home alone, dirty dancing ;Jennifer Lawrence, Ben Affleck, Chris Hemsworth;Metal, classical, Jazz;The girl with the dragon tattoo, Deacon King Kong, The Vanishing half;Michelle Obama, JK Rowling, Gottfried Keller;Merkel, Putin, Biden;Washington, Obama, Biden;Amsterdam, Berlin, Munich;Lake Michigan, Lake Constance, lake como ;Mount Everest, Kilimanjaro, Mont Blanc;Rome, Berlin, Amsterdam;Germany, Italy, France;China, Japan, South Korea ;Africa, South America, Australia;Eagle, Hummingbird, Robin;Giraffe, Zebra, Lion;Sofa, chair, bed;Cucumber, pepper, carrot ;French Fries, burger, chicken nuggets ;Colosseum, Neuschwanstein, Tower of Pisa;BASF, SAP, Henkel;Walmart, Space X, Amazon;Apple, Microsoft, Dell;26;Female;Master's degree;Germany
2022/03/01 9:26:37 PM OEZ;Clueless, American Pie;Blake Lively, Sandra Oh, George Clooney;Soul, Indie, Hip Hop;Die Therapie, Hannes, ein ganzes halbes Jahr;Sebastian Fitzek, Rita Falk, Jojo Moyes;Merkel, Söder, Scholz;Biden, Trump, Bush;München, Berlin, Hamburg;Bodensee, Chiemsee, Walchensee;Zugspitze, Dolomiten, Karwendel;Berlin, Rome, London;Deutschland, Frankreich, Spanien;Indonesien, Thailand, Laos;Asia, Europe, Africa;Amsel, Drossel, Fink;Löwe, Giraffe, Antilope;Stuhl, Tisch, Couch;Gurke, Tomate, Spargel;Burger, Chips, Onion Rings;Eiffelturm, Schloss Neuschwanstein, Colosseum;BMW;Apple, Microsoft, Nestle;Apple, Samsung, Microsoft;28;Female;Doctorate (e.g. PhD);Germany
2022/03/01 9:30:21 PM OEZ;;Tom cruse, Daniel Craig;Hip Hop, classical? Jazz;Leaders eat last, The why are you here cafe, start with why ;Simon Sinek, Stephan King;Angela Merkel, Joschka Fischer, Wilfried Martens;Obama, Biden, trump ;San Francisco, Sydney, Berlin;Chiemsee, Bodensee;Mount Everest, Mount Blanc, K2;Brussels, Berlin, Kopenhagen ;Rome, Madrid, Belgium;Thailand, China, Japan ;Afrika, Europe, Asia ;Pidgeon ;Lion, Zebra, Elephant;Chair, Table, Bed ;Beans;Burger, Fries ;Eiffel Tower, Atomium;Allianz, Adidas, SAP;GM, General Electric, Microsoft ;Apple, Salesperson, Zsacler ;25;Male;;Germany
2022/03/01 9:53:44 PM OEZ;The lion king, The matrix, Titanic  ;George Cloony, Ryan Gossling, Jenifer Lawrence ;Jazz, Rock, Blues ;Harry Potter and the goblet of fire, To kill a mockingbird, the importance of being earnest ;J. K. Rowling, C. Ruiz Zafon, Jane Austen ;Angela Merkel, Olaf Scholz, Claudia Roth;George Washington, Barack Obama, Donald Trump;New York, Rio de Janeiro, Rosenheim;Lake Michigan, Lago Maggiore, Bodensee ;Mount Everest, Zugspitze, Feldberg;Paris, Berlin, London ;Germany, France, Italy;Vietnam, Singapur, China ;Africa, Europe, Asia ;Mocking bird, Chicken, Seagull ;Elephants, giraffes, lions ;Chair, Table, Wardrobe ;Cucumbers, carrots, bell peppers ;Burger, Pizza, Sandwich ;Eiffel Tower, Tower Bridge, Buckingham Palace ;Siemens, Volkswagen, BASF ;Meta, GlaxoSmithKline, General Motors ;Meta, Apple, IBM;31;Female;Master's degree;Germany 
2022/03/01 9:55:25 PM OEZ;Hone Alone, Matrix, Titanic;Bill Cosby, Charly Sheen, Pamela Anderson;Pop, Rock, Indie;The Hobbit, The Swarm, 50 Shades of Grey;Dan Brown, Frank Schätzing, JK Rowling;Merkel, Clinton, Scholz;Clinton, Obama, Trump;Mannheim, Hamburg, Munich;Lake of Constance, Lago Maggiore, Lake Erie;Zugspitze, Piz Buin, K2;Vienna, Berlin, London;Germany, Austria, Switzerland;India, Sri Lanka, South Korea;Africa, Europe, Australia;Owl, Hawk, Hummingbird;Elephant, Zebra, Gorilla;Table, Chair, Cupboard;Cucumber, Carrot, Salad;Hamburger, Pizza, Sandwich;Eiffel Tower, Rialto Bridge, Colosseum;BMW, Lufthansa, Siemens;Apple, Chrysler, Boeing;Apple, Meta, Alphabet;36;Male;Master's degree;Germany
2022/03/01 10:02:34 PM OEZ;Back to the future;Leonardo Di Caprio, Robert Deniro, Julia Roberts;Funk;Siddharta;JK Rowling;Angela Merkel, Wladimir Putin, Boris Johnson;Joe Biden;Kiew, Moscow, Freiburg;Bodensee;Matterhorn;Berlin, Paris;Germany, Switzerland, Ukraine;Indonesia, China, Vietnam;Asia, Australia;Mockingbird, Hummingbird;Tiger, Lion, Girrafe;Table;Potatoe;Burger, Pizza, Hot Dog;Eiffel Tower;BMW, VW, ThyssenKrupp;Unilever, Alphabet, Meta;Google;27;Male;Master's degree;Germany
2022/03/01 10:10:11 PM OEZ;Terminator, Jurassic Park, Water World;Hugh Jackman, Tom Cruise, Arnold Schwarzenegger;Hip Hop, Jazz, Metal;Harry Potter, Lord of the Rings, Kill your Friends;George R.R. Martin, Hohlbein, Tolkien;Merkel, Scholz, Söder;Trump, Biden, Obama;Berlin, London, Barcelona;Lake Geneva, Baikal Lake, Victoria Lake;Kilimanjaro, Mount Everest, Brocken;Paris, London, Berlin;Germany, France, Italy;India, China, Japan;Europe, North America, South America;Pidgeon, Swallow, Owl;Lion, Elephant, Gnu;Chair, Desk, Couch;Carrots, Onions, Pumpkin;Pizza, Burger, Döner;Eiffel tower, London bridge, Brandenburger Gate;Siemens, Infineon, Thyssen-Kripp;Tesla, Google, Amazon;Tesla, IBM, Amazon;33;Male;Doctorate (e.g. PhD);Germany
2022/03/01 10:55:52 PM OEZ;The Matrix, Die Hard, The Fifth Element;Christoph Waltz, Samuel L Jackson, Leonardo DiCaprio;Rock, Jazz, Classical;Slaughterhouse 5, A wrinkle in time, In the blink of an eye;Kurt Vonnegut, Julia Roberts, Mark Twain;Boris Johnson, Vladimir Putin, Olaf Schulz ;George W Bush, Barack Obama, Franklin Delano Roosevelt ;New York, Philadelphia, San Francisco;Huron, Keuka, Seneca;Mount Everest, Mount Kilimanjaro, Appalachian Mountains;Berlin, London, Rome;France, Germany, Denmark ;China, Taiwan, Vietnam;Asia, North America, Africa;Robin, crow, cardinal;Giraffe, Rhinoceros, Lion;Chair, Desk, End table;Carrot, Celery, Turnip;Hamburger, French Fries, Chicken Sandwich;Eiffel Tower, The Brandenburg Gate, Neuschwanstein Castle;;Exxon, DuPont, Oracle;Palantir, Apple, SpaceX;26;Male;Bachelor's degree;United States of America
2022/03/01 10:59:02 PM OEZ;Being John Malkovich, the Matrix;Sean Connery, Greta Garbo, Johnny Depp;Rock, Pop, Heavy Metal;;;Merkel, Macron, Putin;Clinton, Obama, Trump;Stockholm, Paris, Rome;Vättern, Vänern, Lago di Garda;Mount Everest, Kebnekaise, Mount Blanc;Paris, Rome, Stockholm;France, Italy, Spain;China, Korea, Japan;Euroe, Asia, Africa;Kiwi, Hummingbird;Elephant, Lion, Rhino;Chair, Table, bed;Cucumber, Pepper, Carrot;Hamburgers, hotdogs, pizza;Eiffel tower, tower of Pisa, colosseum;;Microsoft, Google, Apple;Microsoft, Apple, Google;44;Female;Doctorate (e.g. PhD);Sweden
2022/03/01 11:24:12 PM OEZ;American History X, Schindlers Liste, Matrix;Kevin Hart, Matt Daemon, Keanu Reeves;Techno, Trance, Metal;Rich Dad Poor Dad, Billy Summers, Playlist;Stephen King, Sebastian Fitzek, Robert T. Kyosaki;Christian Lindner, Karl Lauterbach, Olaf Scholz;Joe Biden, Donald Trump, Franklin D. Roosevelt;Vatikanstadt, Bangkok, Moskau;Mummelsee, Bodensee, Zürichsee;Mt. Everest, Zugspitze, Matterhorn;Berlin, Paris, Brüssel;Deutschland, Frankreich, Polen;Thailand, China, Korea;Europa, Asien, Amerika;Rotkehlchen, Eule, Spatz;Löwe, Elefant, Zebra;Stuhl, Tisch, Schrank;Brokkoli, Champignons, Karotte;Burger, Wings, Pommes;Eiffelturm, Reichstagsgebäude, Karlsbrücke;Fresenius, BMW, BASF;Apple, Microsoft, Nvidia;Nvidia, Meta, Alphabet;26;Male;Bachelor's degree;Deutschland
2022/03/02 12:03:37 AM OEZ;;Angelina Jolie, Daniel Radcliffe;Metal, Rock, Klassik;Das Café am Rande der Welt, Der Pfad des friedvollen Kriegers, ;;Angela Merkel;Abraham Lincoln, Barack Obama, George W. Bush;Köln, Heilbronn, München;Bodensee, Fühlinger See, Victoriasee;Mount Everest, Feldberg, Zugspitze;Paris, London, Madrid;Berlin, Köln, Heilbronn;Thailand, Myanmar, Cambodia;Europa, Afrika, Amerika;Adler, Meise, Specht;Elefant, Löwe, Giraffe;Sideboard, Schreibtisch, Schrank;Tomate, Gurke, Zuchini;Burger, Pizza, KFC;Eiffelturm, London Tower, Kölner Dom;SAP, Heidelberg Cement, Bechtle;Apple, Microsoft, Netflix;Apple, Paypal, Microsoft;27;Male;Bachelor's degree;
2022/03/02 12:12:08 AM OEZ;L.A. Confidental, Heat, The Green Mile;Leonardo Di Caprio, Ryan Gosling, Tom Hardy;Rock, hip hop, classical;Factfulness, The Autobiography of Malcom X, freakonomics;Hans D. Rosling;Olaf Scholz, Emmanuel Macron, Joe Biden;George W. Bush, Donald Trump, Ronald Reagan;Belfast, New York, Milan;Lake Michigan, Lago Maggiore, chiemsee;Feldberg, mount everest, k2;London, Madrid, Kopenhagen;Germany, France, Denmark;Japan, China, ;Europe, South America, Africa;Robin, Parrot, eagle;Lion, Elephant, Rhino;couch, desk, table;Onions, mushrooms, broccoli;Pizza, Burger, Kebab;Eiffel tower, Big Ben, Sagrada Familia;Allianz, Adidas, BMW;Google, FedEx, Apple;Google, Facebook, apple;23;Male;Bachelor's degree;Germany
2022/03/02 12:29:34 AM OEZ;;Di Caprio, Ryan Gossling, jennifer aniston;Pop, classical, funk;;Steven King, Goethe, Franz Kafka;Merkel, Özdemir, scholz;Biden, Trump, Obama;Heilbronn, Heidelberg, Stuttgart;Bodensee, Balaton, laggo maggiore;Mount Everest, Zugspitze, Kilimanjaro;Paris, Rome, Madrid;Deutschland, Frankreich, Spanien;;Europe, asia, australia;Pelican, rave, eagle;Antilope, tiger, lion;Bed, Shelf, Table;Carots, salad, cucumber;Burger, Pizza, taco;Heidelberger castle, Neuschwanstein, Berliner Tor;hello fresh, Lufthansa, Heidelberger Cement;Amazon, Dell, boston dynamics;Microsoft, Apple, Tesla;22;Male;Bachelor's degree;Germany
2022/03/02 12:47:06 AM OEZ;Fight Club, Titanic, Man in Black;Will Smith, Michael B Jordan, Alexandra Daddario;Hip Hop, RnB, Rap;Tom Clancy´s Rainbow Six, Harry Potter, It;JK Rowling, Tom Clancy, Stephen King;Angela Merkel, Barack Obama, Volker Bouffier;George W Bush, Barack Obama, Donald Trump;Frankfurt, Berlin, Munich;Achensee, Chiemsee, Langener Waldsee;Feldberg, K2, Mount Everest;Berlin, London, Reykjavik;Germany, Spain, England;China, Japan, India;Europe, Africa, Asia;Eagle, Cardinal, Dove;Lion, Zebra, Giraffe;Couch, Table, Wardrobe;Tomato, Pepper, Carrot;Burger, Kebab, Sandwich;Tour Eiffel, Brandenburger Tor, Colosseum Rome;Lufthansa, Audi, VW;Apple, Amazon, Tesla;Apple, Amazon, Tesla;25;Male;Bachelor's degree;Germany
2022/03/02 1:44:36 AM OEZ;James Bond, Star Wars, Lord of the Rings;George Clooney, Emma Watson, Daniel Radcliffe;r'n'b, jazz, Schlager;Winning ugly, How democracies die, Rafa;Dan Brown, J.K. Rowling, Alfred Hitchcock;Gysi, Baerbock, Schwesig;Jefferson, Dixon, Lincoln;Straubing, Almería, Bammental;Achensee, Uralsee, Lake Michigan;Nockspitze, Hafelekar, Zischgeles;Vienna, Torshavn, Valetta;Austria, Iceland, Faroer Islands;Macao, Pakistan, Bangladesh;Europe, Africa, Asia;Eagle, Goose, Penguine;lion, giraffe, elephant;bed, chair, table;tomato, onion, carotte;burger, fries, chicken wings;Tour d'Eiffel, Heidelberger Schloss, Louvre;Mercedes-Benz, SAP, DeliveryHero;Coca Cola, Amazon, GM;Apple, Dell, Microsoft;27;Male;Master's degree;Germany
2022/03/02 7:50:56 AM OEZ;Lion King, Dumb & Dumber, You've Got Mail;Morgan Freeman, Brad Pitt ;Heavy Metal, Classical ;My side of the Mountain, Harry Potter;Stephen king, JK Rowling,;Rudy Giuliani, Ruth Bader Ginsburg, Newt Gingrich;Abraham Lincoln, JFK, Tyler Hamilton ;Calcutta, Shanghai, Washington D.C.;Superior, Michigan, Bodensee;Kilamanjaro, Mount Everest;Berlin, Madrid, Paris ;Norway, Denmark, Sweden ;Singapore, Cambodia, Laos ;Africa, North America, Antarctica ;Eagle, Parakeet, Falcon;Giraffe, Alligator ;Chair, bed, bench;Carrot, Broccoli, Zuchinni;In N Out, Chipotle, Cook Out;Eiffel Tower, Brandenburger Tor;Audi, Bayer, SAP;Pepsi, Berkshire Hathaway, JP Morgan Chase ;Amazon, Square, Waymo;30;Male;Bachelor's degree;USA
2022/03/02 9:05:05 AM OEZ;Rocky, stirb langsam 1, Titanic ;Leonardo di Caprio, Sylvester Stallone, Liam Neeson;Rock, Hip Hop, Pop;Haben und Sein, Harry Potter, Herr der Ringe ;Erich Fromm, Astrid Lindgren, Martin Suter;Merkel, Baerbock, Özdemir ;Trump,obama, John F. KENNEDY;München, Münster, Hamburg ;Bodensee, Chiemsee, Viktoriasee;Zugspitze, Mount Everest, Matterhorn;MADRID, Berlin, Paris;Niederlande, Österreich,Italien ;Thailand China Japan;afrika, Europa, Australien ;Spatz, Falke, Kolibri;Löwe, Flusspferd, Schwarze Mamba;Stuhl, Tisch, Bett;Karotte, Brokkoli, Kartoffel;Burger King, Mc Donalds, subway;Eiffelturm Brandenburger Tor kolloseum;Daimler AG, DHL, Volkswagen;TWITTER, facebook, walmart;Google, Tesla, Cooper Standard;28;Male;Master's degree;Deutschland 
2022/03/02 10:20:57 AM OEZ;The Age of Innocence, 12 monkeys, Fear and Loathing in Las Vegas;Johnny Depp, Brat Pitt, Michelle Pfeiffer;pop, rock, psychedelic;Metamorphosis, Anarchy’s Brief Summer, The Dispossessed;Terry Pratchett, Fyodor Dostoevsky, Franz Kafka;Barack Obama, Emanuel Macron, Boris Johnson;Barack Obama, George Bush, Bill Clinton;New York, Athens, Beijing;Plastira Lake, Lake Pamvotida, Lake Doxa ;Mount Everest, Mount Olympus, Mount Kilimanjaro;Paris, Berlin, London;France, Greece, Croatia;Japan, India, China;Europe, Africa, Australia;crow, chicken, nightingale;zebra, elephant, lion;table, chair, desk;eggplant, tomato, cucumber;pizza, burger, hotdog;Eiffel tower, Parthenon, Colosseum;;Walmart, Home depo, UPS (United Parcel Service);Alphabet Inc, Meta Platforms Inc, Amazon.com Inc;38;Female;Doctorate (e.g. PhD);Greece
2022/03/02 10:25:44 AM OEZ;Scary movie, water world, Braveheart ;George Clooney, Brad Pitt, Johnny Depp;Rock, Pop, Hip hop;Harry potter, it, sidartha;Tolkin, Hesse, camus;Biden, trump, obama;Biden, Trump, Obama;Berlin, paris, rome;Bodensee, Aralsee, Starnberger See;K2, Mount Everest, Zugspitze;Rome, berlin, paris;Germany, France, Italy ;China, Vietnam, Thailand ;Africa, Europe, Asia ;Hummingbird, eagle, sparrow;Elefant, lion, giraffe ;Table, chair, cupboard;Carrot, tomato, cucumbers ;Burger, Fries, wraps;Kolloseum, Brandenburger tor, londin Bridge ;BMW, Allianz, BASF;Microsoft, apple, tesla;Microsoft, apple, tesla;28;Male;Master's degree;Germany 
2022/03/02 11:37:07 AM OEZ;Blade, Tomorrow never dies, Die hard;Ryan Gosling, Mads Mikkelsen, Toni Servillo;Techno, Hip-Hop, Rock;The Art of War, The Illustrated Man, The old man and the sea;Tolstoy, Carnegie, Bradbury;Christian Lindner, Dorothee Bär, Wolfgang Kubicki;Roosevelt, Lincoln, Bush;Sevilla, Hong Kong, London;Lake Maggiore, Lake Geneva, Wannsee;K2, Alps, Matterhorn;Paris, Berlin, Rome;Germany, France, Italy;China, Taiwan, South Korea;Africa, Asia, North America ;Dove, Sparrow, Seagull;Giraffe, Lion, Rhino;Chair, Table, Lamp;Spinach, Artichoke, Tomato;Burger, Hotdog, Curry Sausage;Eiffel Tower, Leaning tower of Pisa, Sagrada Familia;Bayer, Porsche, Adidas;IBM, Wells Fargo, Blackrock;Alphabet, Tesla, Apple;26;Male;Bachelor's degree;Germany
2022/03/02 12:12:34 PM OEZ;;Steve Carell, Jason Statham, Keanu Reeves;Rap, Hip Hop, RnB;Harry Potter, Die geheime Benediktgesellschaft, Greg’s Tagebuch ;J.K. Rowling, Thomas Mann, Ferdinand von Schirach;Bismarck, Adenauer, Kohl;Nixon, Jefferson, Reagan ;Berlin, Hamburg, München;Bodensee, Schluchsee, Victoria See;Zugspitze, Mount Wilhelm, K2;Berlin, Paris, London;Germany, UK, Austria;China, Singapur, Japan;Europa, Afrika, Asien;Blaumeise, Adler, Spatz;Zebra, Löwe, Giraffe ;Stuhl, Tisch, Schrank;Paprika, Gurke, Tomate;Cheeseburger, Fries, Chicken Nuggets;Brandenburgertor, Völkerschlachtdenkmal, Kaiser-Wilhelm Denkmal;Daimler, BMW, Siemens ;Amazon, Tesla, Apple;Microsoft, Apple, Google;19;Male;High school degree or equivalent;Germany
2022/03/02 2:46:47 PM OEZ;Glenngarry Glenn Ross, Gattaca, Matrix;Jennifer Lawrence, Leonardo DiCaprio, Jude Law;Indie, Hip-Hop, Classical Music;Flowers for Algernon, 1984, Brave New World;Tolkien, George R. R. Martin, Ray Bradbury ;Merkel, Putin, Clinton;Obama, Trump, Bush;Berlin, Braunschweig;Gardasee, Starnberger See;Zugspitze, Mont Blanc, Brocken;Warsaw, Prague, Lisbon;San Marino, Ukraine, Spain;Hong Kong, Cambodia, Laos;Asia, Europe, North America;Colibri, Storch, Chicken;Giraffe, Lion, Zebra;Chair, Shelf, Table;Eggplant, Tomato, Cucumber;Burger, Hot Dogs, Pizza;Eiffel Tower, Brandenburg Gate, Sagrada Familia;;General Electrics, Exxon Mobile, JP Morgan;Apple, Microsoft, Tesla;25;Female;Bachelor's degree;Germany
2022/03/02 4:52:55 PM OEZ;Pulp fiction, Seven, Good will hunting;Bill Murray, Scarlett Johanson, Angelina Jolie;Rock, Techno, Pop;1913, Dienstags bei Murrie, 1984;Astrid Lindgren, Stephen King, Garcia;Angela Merkel, Putin, Wagenknecht;Biden, Trump, Obama;Heidelberg, Mannheim, Frankfurt ;Bodensee, Lake Tahoe, Gardasee;K2, Mount Everest, Zugspitze;Paris, London, Berlin;Germany, Poland, Sweden;China, India, South Korea;Germany, Poland, Sweden;Specht, Kuckuck, Krähe;Zebra, Lion, Giraffe ;Desk, Chair, Wardrobe ;Broccoli, Carrot, Cucumber ;Burger, Pizza, Sandwich;Eiffel Tower, London Bridge, Brandenburger Tor;SAP, BMW, Allianz;Nike, GM, Ford;Apple, Microsoft, Google;24;Female;Master's degree;Germany
2022/03/02 6:44:34 PM OEZ;Pulp Fiction;Will Smith;Classic, rock, pop;Harry Potter, Krieg und Frieden;Lev Grossman, Arthur Conan Doyle, Walter Isaacson;Angela Merkel, Markus Söder, Xi Jinping;Washington, Lincoln, Jefferson ;Berlin, Munich, Hamburg;Bodensee, Tegernsee, Ammersee;Mount Everest, Zugspitze, Chimborazo ;Berlin, Rome, Paris;Germany, Switzerland, Austria;Japan, China, Burma ;Africa, Antarctica, Asia;Rotmilan, Braunkehlchen, Amsel;Lion, elephant, buffalo;Desk, Chair, cupboard ;Zucchini, Paprika, ;Burger, Sushi, Fries ;Eiffel Tower, Louvre, coliseum;VW, Adidas, BMW;S.o.;Apple, Microsoft, Google;25;Male;Bachelor's degree;Germany 
2022/03/02 6:51:44 PM OEZ;Night in Warth, the sixth Sense, Pulp fiction;Günter Grass, Irving, Rainkin;Hard Rock, Swing, Country music;Papillon, 100 Jahre Einsamkeit, die Bibel;Grass, Berthold Brecht, Irving;Brandt, Wehner, Helmut Schmidt;Bush, Trump, Kennedy;München, New York, Tokio;Bodensee, Chiemsee, Ammersee;Mount Everest, Zugspitze, Kilimanscharo;Paris, London, Berlin;Deutschland, Frankreich, Italien;Malaysia, Indonesien, Indien;Amerika, Europa, Asien;Amsel, Adler, Spatz;Elefante, Monkeys, Lion; Chair, Tablet, Cupboard;Karotte, Blumenkohl, Lauch;Hamburger, Currywurst, Döner;Eiffelturm, Brandenburger Tor, Colosseum;BMW, Qiagen, VW;IBM, General Electric, General Motors;Apple, Intel, IBM;64;Male;Doctorate (e.g. PhD);Austria
2022/03/02 6:54:30 PM OEZ;Pulp Fiction, Goodfellas, The Silence of the Lambs;Brad Pitt, Johnny Depp, Jennifer Lawrence ;Rock'n'Roll, Jazz, Rap;Harry Potter and the Philosopher's Stone, Lord of the Rings, Sapiens: A brief History of Humankind;Yuval Noah Harari, J. R. R. Tolkien, J.K. Rowling;Olaf Scholz, Joe Biden, Wladimir Putin;Joe Biden, Donald Trump, Barack Obama;Mannheim, Frankfurt, Darmstadt;Bodensee, Edersee, Lake Erie;Mount Everest, K2, Zugspitze;Berlin, Paris, Rome;Germany, Spain, France;China, Japan, India;Europe, Asia, Africa;Eagle, Vulture, Crow;Giraffe, Elephant, Lion;Couch, Table, Chair;Tomato, Cucumber, Onion;Burger, Pizza, Fries;Eiffel Tower, Colosseum, Neuschwanstein Castle;SAP, Daimler, BMW;Procter & Gamble, Blackrock, Microsoft;Amazon, Apple, Meta;24;Male;Bachelor's degree;Germany
2022/03/02 7:06:16 PM OEZ;Kevin allein zu Hause, Pulp Fiction, American Pie;Denzel Washington, Brad Pitt, Alexandra Daddario;Rock, Rap, Pop;Achtsam Morden, Harry Potter, Herr der Ringe;Sebastian Fitzek, J.K. Rowling, Stephen King;Merkel, Trump, Putin;Trump, Obama, Lincoln;München, Hamburg, London;Chiemsee, Victoria See, Titicacasee;Mount Everest, Feldberg, K2;Berlin, Warschau, Kiew;Deutschland, Frankreich, Spanien;China, Russland, Indien;Europa, Asien, Nordamerika;Amsel, Adler, Geier;Elefant, Löwe, Nashorn;Stuhl, Tisch, Schrank;Gurke, Tomate, Zucchini;Burger, Döner, Pizza;Schloss Neuschwanstein, Eiffelturm, Karlsbrücke ;Adidas, Mercedes Benz Group, Deutsche Bank;Amazon, Walmart, Coca Cola company;Apple, Google, Microsoft;31;Male;Bachelor's degree;Deutschland
2022/03/02 7:32:12 PM OEZ;Jurassic Park, Scream, Pretty Woman;Johnny Depp, Angelina Jolie, Tom Hardy;Rap, House, Rock;Harry Potter, Twilight, Da Vinci Code;Sebastian Fitzek, Dan Brown, J.K. Rowling;Biden, Harris, Putin;Trump, Biden, Bush;Paris, London, Barcelona;Titicaca, Lake of Constance, Silver Lake;Mount Everest, Himalaya, Mont Blanc;Berlin, Vienna, Paris;France, Germany, Spain;Thailand, China, Indonesia;Africa, South America, North America;Ara, Mockingbird, Robin;Zebra, Elephant, Lion;Couch, bed, table;Cucumber, Carrot, Broccoli;Pizza, Burger, Fries;Brandenburger Tor, Eiffel Tower, Big Ben;Merck, SAP, DB Cargo;Shell, McDonald's, Coca Cola;Apple, Microsoft, Alphabet;25;Female;Bachelor's degree;Germany
2022/03/02 7:57:08 PM OEZ;Basic Instinct, Casino, LA Confidential;Jessica Chastain, Charlie Hunnam, Christoph Waltz;House, Jazz, Rnb;Die Verlorenen, Das kunstseidene Maedchen, Zivilcourage;Tom Clancy, Simon Beckett, Lee Child;Angela Merkel, Al Gore, Barack Obama;Georg Bush, Ronald Reagan, John F Kennedy;Milan, Tarifa, Malmö;Lake Tahoe, Bodensee, Eibsee;Mount Everest, Zugspitze, Feldberg;Milan, London, Madrid;Italy, Greece, France;South Korea, Japan, China;Asia, Europe, Australia ;Meise, Amsel, Kolibri;Elephant, Giraffe, Zebra;coffee table, Ottomane, Couch;Aubergine, Zucchini, Tomato;Burger, Pizza, Fries;Brandenburger Tor, Eiffel Tower, Big Ben;Westwing, Alibaba, Lmvh;Trader’s Joe, Walmart, Polo Ralph Lauren;Apple, Google, Meta;28;Female;Bachelor's degree;Deutschland
2022/03/02 8:06:48 PM OEZ;Forrest Gump, Good Will Hunting, Independence Day;Ryan Reynolds, Arnold Schwarzenegger, Liz Taylor;Jazz, Blues, Heavy Metal;Harry Potter, It, The Lord of the Rings;J. K. Rowling, J. R. R. Tolkien, Stephen King;Schröder, Kohl, Merkel;George W. Bush, Bill Clinton, Barack Obama;Paris, Berlin, Tokio;Lake Constance, Titisee, Lake Balaton;Mount Everest, Zugspitze, Ayers Rock;Berlin, Paris, London;Germany, Ukraine, United Kingdom;Philippines, China, Malaysia;Europe, America, Asia;blackbird, sparrow, fink;lion, elephant, hippo;chair, sofa, table;carrot, cucumber, eggplant;burger, pizza, kebab;Eiffel Tower, Brandenburg Gate, Buckingham Palace;Adidas, Lufthansa, Siemens;Apple, Microsoft, Nike;Apple, Microsoft, Google;37;Female;Master's degree;Germany
2022/03/02 8:08:09 PM OEZ;Pretty Woman, Dirty Dancing, Men in Black;Jack Nicolsen, Meryel Streep, Will Smith;Country, Rock, Heavy Metal;Outlander, It, Harry Potter ;Stephen King, Henning Mankel, Diana Gabaldon;Angela Merkel, Hillary Clinton, Wolodymyr Selenskj;Ronald Reagan, Barack Obama, Joe Biden ;Madrid, Frankfurt, Belfast;Balaton, Eriesee, Vierwaldstätter;K2, Eigner, Matchu Pitschu;London, Paris,  Berlin ;Italia, Germany, France;Thailand, Vietnam, Kambodscha;Asia, Africa, Europe;Eagle, Robin, Parrot;Elephant,  Impala, Lion;Couch, Table, Sideboard; Carotts, Potatoe, Aubergine ;Subway,Burger King, Kebab;Blacky Forrest, Colloseum, Provonce;Flatex, Consorsbank, ING;John Deere, Mustang, Hilfigher;Google, Apple, Facebook ;50;Female;High school degree or equivalent;Germany 
2022/03/02 8:53:35 PM OEZ;Titanic, the mask, Flubber ;Leonardo Dicaprio, Timothèe Chalamet, Julia Garner ;Indie, House, Psychedelic Rock;Little Life, Narziss and Goldmund, Normal People ;Hermann Hesse, haruki murakami, Sally Rooney ;Gerhard Schröder, Emanuel Macron, Annalena Baerbock ;Donald Trump, Barack Obama, George W. Bush;Rome, Capetown, Potsdam;Schlachtensee, Krumme Lanke, Bodensee;k2, Matterhorn, Mont Blanc ;Belgien, Paris, Berlin;Sweden, Spain, France ;Vietnam, India, Thailand ;Europe, South America, Asia;Owl, Duck, swan ;elephant, lion, monkey ;Chair, table, couch ;Cucumber, tomato, carrot ;Pizza, Fries, Burger;Heidelberg Castle, Eiffeltower, Petersdom ;Vw, SAP, Heidelberger Druck;Herschies, Coca Cola, P&G;Amazon, Tesla, Apple;28;Female;High school degree or equivalent;Germany
2022/03/02 9:09:45 PM OEZ;Harry Potter, Matrix, Terminator;Johnny Depp, Andrew Garfield, Freddie Highmore;Rock, Pop, Elektro;The Hobbit, Krabat, Romeo and Juliet;Stephen King, Tolkien, Rowling;Angela Merkel, Helmut Kohl, Helmut Schmidt;Bush Sr, Bush Jr, Obama;Geldern, Oranienburg, Ilmenau;Lake Constance, Lake Titicaca;Mt Everest, Mt Blanc;Berlin, Paris, Warsaw;Germany, France, Netherlands;China, Japan, India;Europe, Africa, South America;Eagle, Chicken, Vulture;Lion, Zebra, Giraffe ;Table, Chair, shelf;Cabbage, Cucumber, Zucchini ;Burger, Pizza, Kebab;Brandenburg Gate, Eiffel Tower, Cologne Cathedral;SAP, Henkel, Bayern Munich Ag;IBM, Ford, Jeep;IBM, Google, Apple;31;Male;Bachelor's degree;Germany 
2022/03/02 9:57:47 PM OEZ;Pretty women, schindlers liste;Brad Pit/Leonardo Dicaprio/tom cruise;Techno/rap/hiphop;Die Geschichte der Bienen/Harry Potter/Cafe am Rande der Welt;Goethe/michael ende/schiller;Lindner/Scholz/Baerbock;Obama/trump/biden ;London/paris/rome;Bidensee/chiemsee;Zugspitze/Mount Everest/kilimandscharo;Paris/rome/Berlin;Germany/italy/sweden;Indien/china/japan;Europe/asia/africa ;Eagle/chicken/penguine;Elefant/lion/giraffe;Table/bed/chair;Cucumber/broccoli/carrot;Burger/hotdog/fries;Eiffel Tower/Brandenburger Tor/london eye ;Adidas/allianz/BASF;Ben and jerry/Ford/abercrombie&fitch;Apple/Microsoft/facebook;21;Female;High school degree or equivalent;Germany
2022/03/02 11:38:58 PM OEZ;Titanic, Forest Gump, Pretty Women;Brad Pitt, Blake Lively, George Cloony;Hip Hop, Classic, Pop;;;Merkel, Baerbock, Scholz;Obama, Kennedy, Trump;Rome, Paris, London;Isar, Neckar, Rhein;Mount Everest, Zugspitze, Mont blanc ;Rome, Paris, Berlin;Germany, Spain, Italy;Peking, Shanghai, Mumbai;Asia, Europe, Africa;Swan, ;lion, giraffe, elephant ;desk, chair, wardrobe ;Tomatoes, mushrooms, carrots ;Burger, Fries, Milkshakes ;Brandenburg gate, Big Ben, colosseum ;Audi, BMW, Daimler;Amazon, Apple, Microsoft ;Apple, Amazon, Microsoft ;23;Female;Bachelor's degree;Germany
2022/03/03 10:51:17 AM OEZ;Shawshank Redemption, Schindler's list, Star Wars;Robert Downey jr, Scarlet Johnson, Liam Neeson;Classic, Rock, Jazz;The Lord of the Rings, Da Vinci Code, Time Traveler's Wife ;JK Rowling, Anita Nair, Jonathan Swift;Angela Merkel, Narendra Modi, Barack Obama;Barak Obama, Donald Trump, John F Kennedy ;Berlin, Heidelberg, New York;Titisee, Lake Constance, Koenigssee;Mount Everest, Mount Fuji, Mount Elbrus;Berlin, Paris, Madrid;Germany, Switzerland, Austria;India, China, Singapore;Europe, Asia, Africa;Eagle, Humming Bird, Crane;Elephant, Lion, Cheetah;Sofa, Bed, Chair;Tomato, Spinach, Onions ;Berger, Fries, Samosa;Eiffel Tower, Berlin Wall, Pisa Tower;Apple, Google, VolksWagen;Apple, Google, IBM;Apple, Google, IBM;36;Male;Bachelor's degree;India
2022/03/03 10:51:48 AM OEZ;Forrest Gump, Pulp Fiction, Schindler's List;Robert de Niro, Robert Redford, Al Pacino;Rock, Pop, Classic;1984, Pride and Prejudice, The Girl With The Dragon Tattoo;Jane Austin, Stephen King, George Orwell;Angela Merkel, Barack Obama, Emmanuel Macron;Barack Obama, Joe Biden, Franklin Roosevelt;Mannheim, München, Berlin;Bodensee, Titisee, Chiemsee;Mont Blanc, Zugspitze, Matterhorn;Berlin, Paris, Amsterdam;Germay, France, Italy;Japan, South Korea, Thailand;Europe, Asia, Africa;Pigeon, Eagle, Sparrow;Elephant, giraffe, zebra;chair, desk, wardrobe;Carrot, Potato, Cucumber;Pizza, Pasta, Sushi;Eiffel Tower, Schloss Neuschwanstein, La Sagrada Familia;Mercedes-Benz Group, BASF, Deutsche Bank;Alphabet, Amazon, Microsft;Nvidia, Alphabet, Microsoft;28;Female;Master's degree;Romania
2022/03/03 11:20:19 AM OEZ;Pretty Woman, Jurassic Park, The Silence of the Lambs ;Emma Watson, Kilian Murphy, Cate Blanchett;Pop, Punk, Rap ;Pride and Prejudice, Emma, Five feet apart;John Green, Jane Austen, J.K. Rowling;Wladimir Putin, Angela Merkel, Sahra Wagenknecht ;Biden, Trump, Obama ;New York, London, Barcelona;Lake Constance, Lake Garda, Chiemsee;Zugspitze, Mount Everest, Matterhorn ;Berlin, Paris, London;France, Spain, United Kingdom ;China, Japan, India ;Europe, Asia, Africa;woodpecker, sparrow, blackbird;lion, cheetah, giraffe ;Bed, table, closet;tomato, cucumber, zucchini;Pizza, Burger, Tacos ;Eiffel Tower, Colosseum, Big Ben ;Volkswagen, Daimler, Siemens ;Starbucks, Apple, Walt Disney Company ;Apple, Microsoft, Intel;19;Female;High school degree or equivalent;Germany
2022/03/03 12:21:00 PM OEZ;Pride and Prejudice, Pulp friction, Back to the future;Chris Evans, Chris Hemsworth, Chris Pine;Techno, HipHop, Klassik;Krieg und Frieden, How to kill a mockingbird, Stolz und Vorurteil;Leo Tolstoi, Jane Austen, William Shakespeare;Vladimir Putin, Angela Merkel, Olaf Scholz;Joe Biden, Barack Obama, Donald trump;Potsdam, München, Leipzig;Sacrower See, Liebnitz See, Königssee;Zugspitze, Mount Everest, Watzmann;Berlin, Warschau, Kiew;Deutschland, Ukraine, Polen;China, Südkorea, Japan;Europa, Asien, Afrika;Maise, Schwalbe, Möwe;Giraffe, Elefant, Gazelle;Bett, Couch, Stuhl;Gurke, Salat, Aubergine;Pommes, Burger, Döner;Brandenburger Tor, Eiffelturm, die kleine Meerjungfrau;VW, Bayer, Hello fresh;Apple, Spotify, Walmart;Apple, Google, Meta;19;Female;High school degree or equivalent;Germany
2022/03/03 1:01:54 PM OEZ;;;Rock, Classical, Techno;;;Scholz, Wagenknecht, Habeck;Biden, Trump, Obama;Mannheim, Schwetzingen, Heidelberg;Bodensee, Zürichsee, Balaton;Zugspitze, Weissfluh, Fuji;Berlin, Paris, Wien;Germany, France, Poland;China, Thailand, Vietnam;Asia, Europe, Africa;;Elefant, Hippo, Giraffe;Chair, Desk, Wardrobe;Carrots, Tomatoes, Zucchini;Burger, Fries, Tacos;Eiffel tower,;;Google, Apple, Starbucks;Google, Apple, Samsung;25;Male;Bachelor's degree;Germany
2022/03/03 1:13:01 PM OEZ;Clueless, Mulan, Hook;Scarlet Johansen, Rachel Weiz, Kristen Bell;Pop, Rock, Musicals;Piranesi, Count of Monte Christo, Were are all Besides Ourselves;Tamora Pierce, Moliere, Patrick Suskind;Sarkozy, Hillary Clinton, Sadi Khan;Obama, Washington, Carter;Hartford, Enghien les Bains, Montreal;Lake Como, Lake Geneva, Lake Garda;Mont Blanc, Everest;Paris, Rome, London;France, Germany, Romania;Indonesia, Israel, Japan;Europe, America, Asia;Parakeet, Robin, Duck;Lion, Elephant, Zebra;Desk, Bed, Chair;Brocoli, Lettuce, Aubergine;Fries, hamburger, hot dog;Palais de Versaille, Eiffel Tower, Reiksmuseums;;Target, Starbucks, JCPenney;Alphabet, Microsoft, Adobe ;34;Female;Master's degree;France
2022/03/03 1:17:49 PM OEZ;;Palina rojinski, Elyas M Barek, Jessica Schwarz;Rock, techno, pop;Das magische Baumhaus, Bibel, Der Ursprung der Welt;Nele Neuhaus, Luisa Neubauer, J.k. rowling;Merkel, J.f. kennedy, Boris Johnson;Biden, Obama, Bush;Zürich, prag, madrid;Bodensee, chiemsee, Gardasee;Zugspitze, Mount Everest, Mont Blanc;Kopenhagen, berlin, wien;Croatia, Slovenia, Denmark;Vietnam, Thailand, Japan;Australia, Europe, South America;Amsel, Rotkelchen  Blaumeise;Zebra, Giraffe gazelle;Sofa, kleiderschrank  bett;Kartoffeln, gurke, sellerie;Pommes, burger, chicken nuggets;Berliner mauer, eiffelturm, kölner dom;;Apple, Walmart, Mcdonalds;Meta, Google, Apple;20;Female;High school degree or equivalent;Germany
2022/03/03 1:36:21 PM OEZ;Star Wars, Pulp Fiction, Goodwill Hunting;Brad Pitt, George Clooney, Jennifer Aniston;Rap, Pop, Techno;Bel Ami, Notre-Dame de Paris, A la recherche du Temps perdu;JK Rowling, Balzac, Zola;Biden, Trump, Poutine;Bush, Biden, Obama;Nice, Lille, Versailles;Lake Como, Lake Annecy, Lake Powell;Himalaya, Alps, Rocheuses ;Paris, Berlin, London;Italy, France, Germany;China, Japan, Singapore;Asia, Europe, America;Parrot, Nightingale, Crow;Lion, Zebra, Panther;Chair, Table, Fridge;Carrot, Eggplant, Leak;McDonald, Burger Kind, In & Out;Eiffel Tower, Tower Bridge, Versailles Castle;;Coca Cola, Apple, Amazon;Microsoft, Google, Apple;26;Female;Master's degree;France
2022/03/03 1:44:49 PM OEZ;Con Air, Stirb Langsam;Til Schweiger, Christoph Walz, Kevin Spacey;Rock, Pop, Jazz;Principia Mathematica, Nett sein ist auch keine Lösung, Mein Kampf;Hitler, Newton, Hawking;Eisenhower, Roosevelt, Clinton;Eisenhower, Roosevelt, Clinton;Kiew, Moskau, Minsk;Bodensee, Lake Erie, Lake Michigan;Zugspitze, K2, Matterhorn;Kiew, Moskau, Minsk;Irland, Schottland, Wales;China, Nod Korea, Süd Korea;Südpol, Europa, Afrika;Spatz, Kranich, Adler;Antilope, Löwe, Afrikanischer Elefant;Stuhl, Tisch, Schrank ;Tomate, Blumenkohl, Rosenkohl;Döner, Ketwurst, Curry Wurst;Schloss Bellevue, Reichstag, Hagia Sophia;Allianz, BMW, VW;Marlboro, Walmart, Morgan Stanley;Apple, Alphabet, AMD;29;Prefer not to say;Master's degree;Deutschland
2022/03/03 1:57:34 PM OEZ;Speed, Matrix, Silence of the lambs;Liam Neeson, Ewan McGregor, Marlon Brando;Rock, Pop, Rap;12 Rules for Life, Crime and Punishment, Harry Potter and the philosopher's stone;Jordan Peterson, Fjodor Michailowitsch Dostojewski, Helmut Schmidt;Donald Trump, Angela Merkel, Wladimir Putin;Woodrow Wilson, Donald Trump, Gerald Ford;Paris, Berlin, Milan;Gardasee, Bodensee, Lake Tahoe;Mount Everest, Zugspitze, Köngisstuhl;Berlin, London, Paris;Germany, France, Italy;China, Vietnam, Japan;Europe, North America, South America;eagle, mocking bird, raven;elephant, cougar, lion;shelf, table, bed;carrots, potatoes, pepper;Burger, Tacos, Asian;Eiffel Tower, Tower Bridge, Big Ben;SAP, BASF, Volkswagen;Apple, Ford, Netflix;Apple, Meta, Alphabet;31;Male;Master's degree;Germany
2022/03/03 3:12:56 PM OEZ;Dirty Dancing? Terminator? Star Wars;Cumberbatch, Lewis, Schwarzenegger ;Rock, Classical, Pop;The Witcher, Lila Lila, Unverschwunden;Sapkowski, Tolstoy, Suter;Putin, Scholz, Baerbock;Bush, Clinton, Obama;Mannheim, Heidelberg, Zürich;Lake Konstanz, Lac Leman, Gardasee;K2, Matterhorn, Zugspitze;Berlin, Paris, London;Germany, Italy, Switzerland ;Japan, Korea, China;Asia, Africa, Europe;Sparrow, Woodpecker, Dove;Giraffe, Lion, Antilope;Chair, Table, Closet;Zucchini, Tomato, Cucumber ;Burger, Fries, Pizza;Rheinfälle, Eiffelturm, Pisa Tower;VW, BASF, SAP;Tesla, Microsoft, Apple;Microsoft, Apple, Meta;23;Male;High school degree or equivalent;Germany
2022/03/03 7:11:08 PM OEZ;Schindler‘s List, Golden Eye, Tomorrow Never Dies;Daniel Craig, Ellen Pompeo, Elias M‘Barek;pop, techno, rock;the cafe on the edge of the world, becoming, the child in you;Sebastian Fitzek, Astrid Lindgren, John Strelecky;Angela Merkel, Olaf Scholz, Joe Biden;Barack Obama, Joe Biden, Donald Trump;Berlin, Heidelberg, Paris;Lake Constance, Lac Kir, Lake Tahoe;Zugspitze, Königstuhl, Puy de Dôme;Berlin, Paris, Rome;Germany, France, Italy;China, Japan, Indonesia;Europe, Africa, Asia;Eagle, parrot, finch;elephant, zebra, giraffe;Bed, chair, table;Cucumber, carrot, bell pepper;Burger, Hot Dog, French Fries;Brandenburg Gate, Eiffel Tower, Colosseum;SAP, Beiersdorf, Deutsche Post;Apple, Meta, Tesla;Apple, Google, Meta;21;Female;High school degree or equivalent;Germany
2022/03/03 7:33:58 PM OEZ;Green mile, se7en, Dances with wolves;Kevin Costner, Liam Neeson, Jennifer Aniston;Heavy metal, Punk rock, Blues;The pillars of earth, Star wars Episode 1 the phantom of menace, The fabulous destiny of Amélie;J.R.R. Tolkien, Rita Falk, Rötger Feldmann;Angela Merkel, Joe Biden, Boris Johnson;J.F. Kennedy, Franklin D. Roosevelt, Jimmy Carter;Heidelberg, Prague, Lisbon;Lake Constance, Lake Balaton‚ Lake Erie;Kilimanjaro , K2 , Eiger;Budapest, Oslo, London;France, Switzerland, Sweden;Thailand , India , China;Europe , Australia , Asia;Eagle , falcon , raven;Rhino , giraffe , lion;Chair , table , bed;Egg plant , tomato , cauliflower;Pizza , Burger , Sushi;Neuschwanstein Castle, eiffel tower, tower bridge;BASF , SAP , BMW;Nike , Harley Davidson , Walmart;Apple , American Express , Delta Airlines;54;Male;High school degree or equivalent;Germany
2022/03/03 8:14:58 PM OEZ;Titanic, Lion King, Star Wars episode 1;Brad Pitt, Leonardo DiCaprio, Tom Hanks;Pop, rock, techno;War & Peace, Kafka on the shore, Pride & Prejudice;JK Rowling, Victor Hugo, Honoré de Balzac;Macron, Poutine, Biden;Biden, Trump, Obama;Paris, London, New York;Erie, Superior, Huron;Mont Blanc, Mount Everest, Kilimanjaro ;Paris, London, Rome;France, UK, Italy;Japan, Singapore, China;Europe, America, Asia;Sparrow, eagle, crow;Zebra, elephant, panther;Table, bed, chair;Cauliflower, zucchini, mushroom;Burgers, pizza, chips;Eiffel Tower, palace of Versailles, Big Ben;BMW, Porsche, Audi;P&G, Unilever, Coca Cola;Apple, Google, Facebook;30;Female;Master's degree;France
2022/03/03 9:18:02 PM OEZ;Pulp Fiction, Twin Peaks, Memento;Emma Watson, Ryan Gosling, Christian Bale;HipHop, Rock, Pop;Harry Potter, The Capital, The Trial;Kafka, Mann, Fitzgerald;Mandela, Merkel, Brandt;Trump, Obama, Kennedy;Frankfurt, Milano, New York;Bodensee, Victoria Lake, Aral Sea;Mount Everest, Zugspitze, Kilimanjaro ;Berlin, Rome, Paris;Italy, France, Poland;China, Taiwan, India;Africa, Europe, Asia;nightingale, eagle, parrot;lion, scorpio, monkey;desk, bed, lamp;carrots, potatoes, cucumber;burgers, french fries, pizza;Tower of Pisa, Eifel Tower, Holocaust Memorial Berlin;SAP, Deutsche Bank, BioNTech;Microsoft, Apple, Tesla;Nvidia, Apple, Microsoft;24;Male;Bachelor's degree;Germany
2022/03/03 9:29:23 PM OEZ;;karry fisher;Rap, Deutsch Rap, American Rap ;The holy Bible, Lord of the rings, The communistic manifest;Jk. Rowling, Karl Marx, Jrr tolkin ;Olaf scholz, Martin Sonneborn, Martin Plum;Donald Trump, Obama, Rooselvelt ;Berlin, Frankfurt, Gotham city;;Mount everest, Zugspite;Berlin, Stockholm, Paris;Germany, France, Sweden;China, Japan, Taiwan is a country;Europe, Africa, Asia;;Lion, zebra, scorpion;Desk, bed, seat;Apples, tomatos ;Burger, fish and chips, fries ;the colloseum, eiffel tower, Berlin wall ;Daimler, SAP, Hello Fresh ;Apple, Microsoft, Netflix;Apple, Facebook, Microsoft ;17 ;Male;Less than a high school degree;Germany
2022/03/03 9:50:38 PM OEZ;rambo, saw, texas chain saw massager;ryan reynolds, benedict cumberbatch, otto walkes;rap, pop, jazz;verblendung, vergebung, verdammnis;ken follet, stig larsson, sion beckett;obama, putin, kim jong un;klinton, bush, obama;waterloo, genf, kopenhagen;bodensee, eriesee, kaspisches meer;zugspitze, kilimandscharo, mount everest;berlin, kopenhagen, helsinki;germany, netherlands, belgium;china, taiwan, south korea;africa, asia, antarctica;buntspecht, amsel, buchfink;elefant, lion, hyane;couch, chair, table;carrots, potato, caulifower;Burger, Döner, French fries;eiffelturm, kaiserstuhl, wattenmeer;sap, vw, jungheinrich;tesla, microsoft, ford;google(alphabet), apple, microsoft ;25;Female;High school degree or equivalent;Germany
2022/03/03 10:01:20 PM OEZ;Bad Boys;Gal Gadot, the rock, Ryan Reynolds ;hip hop, classic, rock ;How to avoid a climate change, a promised land, rich dad poor dad;Bill Gates, Barack Obama;Olaf Scholz, Joe Biden;George W. Bush, Joe Biden, Barack Obama;New York, Washington D.C., Los Angeles ;Salt Lake;Ululu;Paris, London, Berlin ;Germany, France, Spain;China, Kazakhstan, Mongolia ;Africa, Europe, North America ;;Elephant, Zebra, Tiger ;chair, table, couch ;apple, banana, mango;fries, hamburger, chicken nuggets;Eiffeltower, Brandenburger Tor, Tower Bridge ;Siemens, Airbus, Deutsche Bank;Pfizer, Goldmann Sachs, Microsoft ;Google, IBM, Microsoft ;16;Male;Less than a high school degree;Germany
2022/03/03 10:31:10 PM OEZ;;Ryan Reynolds, Elyas M Barek, Scarlett Johanssen;rock, pop, hiphop;Das Kapital, Harry Potter;j. k. rowling, marx, kafka;Donald Trump, Putin;Abraham Lincoln, George Washington, Donald Trump;cologne, paris, barcelona;Bodensee;Zugspitze, Mount Everest, Mont Blanc;berlin, paris, vienna;Germany, France, Austria;Japan, China, Thailand;Asia, Europe, Oceania;parrot, sparrow ;elephant, giraffe ;chair, bed;tomato, courgette;burger, fries, chicken nuggets;;Allianz, Vonovia, BMW;tesla, walmart, coca cola;apple, google, facebook;21;Male;High school degree or equivalent;Germany
2022/03/03 10:48:55 PM OEZ;ET, Pretty Woman, Bodyguard;Jonny Depp, Angelina Jolie, Brad Pitt;Classic, rock, heavy metal;Blackout, the swarm, the bible;Steven King, Frank Schätzing, Richard-David Precht;Merkel, Scholz, Steinmeier;;Heidelberg, Mannheim, Frankfurt;Victoria, Lake Missigan, ;Nanga Parbat, K2, Zugspitze;Paris, Berlin, Vienna;Austria, France, Spain;China, Taiwan, hongkong;Asia, Europ, America;Eagle, Vulture, Sparrow;Elefant, lion, rhino;Couch, chair, table;Cucumber, karrot, onions;Burger, fries, hotdog;Eiffel tower, brandenburg gate, berlin wall;Sap, mercedes benz, Basf;Google, Exxon, nike;;;;;
2022/03/03 11:00:31 PM OEZ;Pretty woman, nothing Hill, les visiteurs;Brad  Pitt, Bradley Cooper, Sean Connery ;Rap, soul, jazz;Les Misérables, devenir, songe d’une nuit d’été ;Virginie Grimaldi, Victor Hugo, Jules Vernes;Joe Biden, Nicolas Sarkozy, Valerie Pecresse;Obama,  Kennedy, Biden ;Paris, Singapore, London ;Connemara, Clément Lake, Annecy lake ;Alpes, Vosges pyrénéennes ;Paris, London, Madrid ;Switzerland, Ukraine, Luxembourg ;China, Japan, Indonesia;Africa, Australia, Europe ;Robin, magpie, eagle;Lion, girafe, zebra ;Desk, bed, bathtub ;Cauliflower, carott, beet;Mcdonalds, Burger King, five guy’s;;Merck, BMW, Lufthansa ;American Airlines, Microsoft, space X;Microsoft, facebook, Google ;24;Female;Master's degree;France
2022/03/03 11:54:41 PM OEZ;Fight club, Pulp Fiction, The Big Lebowski;George Clooney, Keira Knightley, Tom Holland;Country, Rock, Hip Hop;Gone with the wind, Lord of the rings, Pillars of the earth ;Balzac, Stendhal, Hugo;Merkel, Biden, Macron;Biden, Obama, Trump ;Paris, London, Berlin;Leman, Serre ponçon ;Mont blanc, Kilimandjaro, Everest;Paris, London, Berlin;France, Portugal, Italy;Indonesia, Singapore, China;Europe, America, Asia;Mockingjay, raven, eagle;Camel, Elephant, snake ;Sofa, table, chair;Zucchini, cauliflower, carrot;Kebab, hamburger, burrito;Eiffel Tower, Mont Saint michel, Big Ben;DPDHL, Lufthansa, Deutsche Bank;3M, Apple, IBM;Apple, Google, Microsoft;26;Female;Master's degree;France
2022/03/04 12:33:47 AM OEZ;;Keanu Reeves, Heath Ledger, Sean Connery;Rock, Pop, Classic;Bibel, Koran, Harry Pitter;JK Rowling, Earnest Hemingway, Michel Foucault;Angela Merkel, Barack Obama, Winston Churchill;Obama, Clinton, Bush;Berlin, London, Paris;Starnberger See, Zürichsee, Bodensee;Zugspitze, Mont Blanc, Mount Everest;Berlin, London, Paris;Germany, France, Belgium;Japan, South Korea, China;Europe, Asia, Africa ;Amsel, Meise, Fink;Giraffe, Elephant, Zebra;Chair, table, sofa;Broccoli, Beetroot, Leek;Burger, Pommes frites, Pizza;Brandenburger Tor, Tour Eiffel, London Eye;Siemens, Lufthansa, Daimler;Apple, Meta, Coca Cola;Apple, Alphabet, Microsoft;34;Female;Master's degree;Germany
2022/03/04 9:07:11 AM OEZ;Titanic, die Hard;Pitt, Clooney, Bruce Willis;Punk, Rock, Disco ;;;Kohl, Schröder, Merkel ;Obama, Clinton, Trump ;Berlin, Munich, paris;Victoria, Bodensee, Lago Maggiore;Mount Everst, K2, Zugspitze;Berlin, Rome, Paris;Germany,Italy,France;India,China,Vietnam ;Africa , Asia , Australia;;Lion,Elephant ,Zebra;Bed, Table, chair;Onion, Tomato, cucumber;Pizza,Burger , Taco;;Mercedes Benz , SAP,  Volkswagen ;Ford ,Exxon , Mc Dinalds;Google,Microsoft,Oracle;54;Male;Less than a high school degree;Germany
2022/03/04 9:50:26 AM OEZ;Titanic, pulp fiction;Jennifer Lawrence, Tom ellis;Rap, Pop, Techno;Exponential, prisoners of geography, Enders game;Orson scott card, yuval Noah harari, John strelecky ;Barack Obama, Olaf Scholz, Angela Merkel;Obama, Trump, biden ;Kiew, Berlin, Frankfurt;Bodensee, Gardasee, Mummelsee;Zugspitze, Matterhorn, Mount Everest ;Berlin, Paris, Madrid;Germany, france, spain;Japan, Indonesia, Taiwan ;Europe, North-America, Asia;Mockingbird, eagle;Lion, elephant;Chair, bed, table ;Tomato, carrots, champignons ;Burger, Döner, Hot dogs;Berlin Wall, Eiffel Tower;Daimler, Eon, VW;Nvidia, AirBnB, Uber;Apple, Microsoft, Amazon;23;Male;Bachelor's degree;Germany
2022/03/04 1:25:02 PM OEZ;Flubber, space Jam, Back to the future;Brad Pitt, Leonardo DiCaprio, Angelina Jolie;Rap, Classic, Schlager;Aurora;;Putin, Scholz, macron ;Abraham Lincoln, Nixxon, Obama;Mannheim, Berlin, Athen;;Mount Everest, Himalaya, Zugspitze;Berlin, Athen, paris;Germany, france, spain;Turgay, china, japan;Europe, America, Asia;Pigeon, Penguins, Kolibri;Giraffe, Lion, Hyena;Couch, bed, chair;Tomatoe, Potatoe, Carott;Burger, Taco, nuggets;Eiffeltower, Brandenburger Tor, kathedral of madrid;Heidelberg Clement, Abbvie, Bmw;Tesla, Apple, amazon;Meta, Apple, Amazon;27;Male;Master's degree;Germany
2022/03/04 4:15:34 PM OEZ;Terminator 3;George Clooney, Angelina Jolie, Brad Pitt;Rock, punk, electro;Snow Crash, The Midnight Library, Percy Jackson;JK Rowling;Angela Merkel, Olaf Scholz, Annalena Baerbock;Barack Obama, Joe Biden, George W Bush;Moscow, Kiev, Beijing;Bodensee, Lake Zurich, Lake Huron;Zugspitze, Mont Blanc, Matterhorn;Rome, Berlin, London;Germany, France, Italy;Vietnam, Japan, Indonesia;Europe, Africa, Asia;Albatross, seagull, raven;Giraffe, eleohant, hyena;Sofa, Chair, Bed;Bell pepper, cucumber, salad;Nachos, burrito, burger;Tower of Pisa, Eiffel Tower, Collisseum;Deutsche Post, Delivery Hero, Merck;Bank of America Merril Lynch, Goldman Sachs, Pfizer;Google, amazon, facebook;25;Male;Bachelor's degree;Germany
2022/03/04 7:38:06 PM OEZ;;Zendaya, Emma Watson, Jennifer Lawrence;Techno, Rock, Pop;bible, catcher in the rye, lord of the flies;Oscar Wilde, Stephen King, Ingrid Noll;Joe Biden, Olaf Scholz, Annalena Baerbock;Biden, Trump, Obama;Paris, Rome, London;Bodensee, Forggensee, Eibsee;Mount Everest, Mount Blanc, Zugspitze;Paris, Rome, Berlin;Italy, France, Germany;japan, china, singapure;africa, europe, australia;parrot, kookaburra, raven;lion, elephant, tiger;Bed, couch, chair;Broccoli, Potato, Eggplant;hamburger, fries, pizza;Eiffeltower, Neuschwanstein Castle, Colosseum Rome;SAP, BASF, Rheinmetall;Apple, Amazon, Tesla;Microsoft, Apple;27;Female;Master's degree;germany
2022/03/05 8:56:00 AM OEZ;Se7en, Twister, The Mummy;Robert De Niro, Humphrey Bogart, Jack Nicholson;Rock, Metal, Punk;Shinig, The Stand, A Brief History of Time;Steven King, Steve Jobs, Stephen Hawking;Scholz, Putin, Macron;Reagan, G.H. Bush, G.W.Bush;Mannheim, Heidelberg, Hamburg;Titisee, Chiemsee, Lake Geneva;Zugspitze, Feldberg, Eiger;Paris, Lissabon, Berlin;Germany, France, Italy;China, Japan, indonesia;Asia, Europe, Africa;Owl, Blackbird, Buzzard;Lion, Elephant, Buffalo;Table, Chair, Armchair;Tomato, Cucumber, Carrot;Taco, Pizza, Ice Cream;Notre-Dame, Versailles, Big Ben;SAP, Linde, VW;Walmart, Amazon, Apple;Amazon, Alphabet, Apple;51;Male;High school degree or equivalent;Germany
2022/03/05 9:50:11 AM OEZ;Fast and the Furious, Matrix;Schweiger, Diesel, Walker;Rap, Trap, Hardstyle;Friedhof der Kuscheltiere, Fluggast 7A, Es;King, Fitzek;Merkel, Schröder, Obama;Obama, Clinton, Trump;Heidelberg, Mannheim, Stuttgart;Bodensee, Breitenauer See, Lago Maggiore;Mount Blanc, Mount Everest, Zugspitze;Berlin, Paris, London;Frankreich, Dänemark, Schweiz;Vietnam, Thailand, Kambodscha;Nordamerika, Südamerika, Asien;Amsel, Drossel, Fink;Giraffe, Leopard, Löwe;Sideboard, Schrank, Nachttisch;Gurke, Tomate, Paprika;Burger, Pizza, Chinesisch;Bodensee, Nordsee, Sylt;BASF, Daimler, Deutsche Wohnen;Apple, Amazon, Tesla;Apple, Amazon, Tesla;26;Male;High school degree or equivalent;Deutschland
2022/03/07 7:12:03 PM OEZ;Fight Club, Pretty Woman, Matrix;Brad Pitt, Angelina Jolie, Jennifer Aniston;Pop, Techno, Classical Music;Harry Potter, Lord of the Rings, the Bible;Stephenie Meyer, Madeline Miller, J. K. Rowling;Merkel, Scholz, Lindner;Obama, Trump, Bush;Berlin, New York, London;Garda Lake, Müggelsee, Züricher See;Kilimanjaro, Kreuzberg, Mount Everest;Paris, London, Berlin;Germany, France, UK;China, Japan, South Korea;Europe, America, Africa;Crow, Pigeon, Eagle;Elephant, Zebra, Lion;Table, Chair, Bed;Tomato, Cucumber, Bellpepper;French Fries, Burger, Pizza;Eiffel Tower, Big Ben, Berliner Fernsehturm;VW, BMW, Lufthansa;Facebook, Apple, Google;Facebook, Apple, Google;27;Male;Bachelor's degree;Germany
2022/03/08 11:23:58 PM OEZ;;Leonardo DiCaprio, Jennifer Lawrence;Pop, Rock, Rap;Harry Potter, Lord of the Rings, Kafka;J.K.Rowling, Arthur Conan Doyle;Schröder, Trump, Bush;Barack Obama, Donald Trump;Köln, Düsseldorf, Frankfurt;Victoria, Bodensee;Mount Everest, Zugspitze, Mont Blanc;Berlin, Paris, Madrid;Germany, France, Spain;China, Vietnam, Japan;Afrika, Europe;Eagle, Hawk;Zebra, Elefant, Giraffe;bed, cupboard;Coliflour, Asparagus, Carrot;burger, pizza, sandwich;Eiffel Tour, Brandenburger Tor, Schloss Neuschwanstein;Daimler, VW, BASF;Google, Facebook;Meta, Alphabet, Netflix;25;Male;Master's degree;Germany
2022/03/09 2:43:28 PM OEZ;Pulp Fiction, Home Alone, Seven;Leonardo di Caprio, Tom Hanks, Emma Watson;Hip Hop, Jazz, Indie Pop;Homo Deus, The Intelligent Investor, Dark Matter;Stephen King, Jason Zweig,Yuval Noah Harari;Christian Lindner, Gerhard Schröder, Wladimir Putin;Biden, Trump,Clinton;Heidelberg,Berlin,Madrid;Lake Tahoe, Lake Michigan, Crater Lake;Mount Everest, Kilimanjaro, K2;Madrid, Paris, Berlin;Spain,Poland,Sweden;China,Japan, South Korea;Africa,Asia,Europe;Eagle;Lion,Giraffe,Zebra;Chair, Table, Fridge;Tomatoe, Brokkoli, Paprika;Burger, Sushi, Tacos;Eiffel Tower, Brandenburg Gate, colosseum;Adidas AG, Linde PLC, Siemens AG;Apple, Berkshire Hathaway, Tesla;Apple, Facebook, Tesla;25;Male;Bachelor's degree;Germany
2022/03/09 2:45:00 PM OEZ;Star Wars, Titanic, Matrix ;The rock, Adam sandler, Kevin hart ;Pop, Rock, Jazz ;Das Parfüm, Faust 1, die Physiker ;Astrid Lindgren, J K Rowling, Johann W. Goethe;Joe biden, Olaf Scholz, Annalena Baerbock;Donald Trump, joe biden, barack obama ;Peking, Moskau, Oslo ;Viktoria See, baikalsee, Bodensee ;Kilimandscharo, Mount Everest, Zugspitze ;Valetta, Dublin, Reykjavik;Norwegen, Irland, Schweden ;China, Mongolei, Vietnam ;Europa, Asian, Afrika ;Eisvogel, Kranich, Wellensittich;Löwe, Elefant, Giraffe ;Schreibtisch, Kleiderschrank, Garderobe ;Gurke, Paprika, Karotte ;Burger, Hot Dog, Döner ;Eiffelturm, elbphilharmonie, Kolosseum ;Adidas, SAP, Lufthansa ;Tesla, Alphabet, Apple ;Tesla, SpaceX, Nasa;21;Male;High school degree or equivalent;Germany 
2022/03/09 3:22:23 PM OEZ;Jurrasic Park, Back to the Future, Titanic ;Jennifer Lawrence, Brad Pit, Sandra Bullock ;Pop, metal, edm ;Harry Potter 1, Der Herr der Ringe 1, Dune;Nicolas Sparks, J.K Rowling, Tolkien ;Angela Merkel, Jens Spahn, Phillip Amthor ;Bill Clinton, Barack Obama, Donald Trump;Mannheim, Heidelberg, Weinheim ;Bodensee, Chiemsee, gardasee ;Mount Everest, Zugspitze, K2;Berlin, Madrid, rome ;Germany, Italy, Spain;Malaysia, China, Japan ;Europe, Usa, Africa;Rotkehlchen, Elster, Taube;Elefant, Giraffe, Zebra;Chair, table, bed ;Tomatoe, Paprika, Zucchini;Burger, fries, Pizza ;Heidelberger schloss, sagrada familia, alhambra ;Adidas, Pfizer, Henkel ;Apple, Microsoft, ;Apple, Microsoft, Tesla ;23;Female;Bachelor's degree;Germany 
2022/03/09 3:35:39 PM OEZ;Batman, pretty woman, free Willy ;Kristen Stewart, Tom Holland, Robert Pattinson ;Techno, Pop, Rock ;The lord of the rings, twilight, bibel;Rowling, Tolstoy, Stephen king ;Merkel, Schröder, Obama;Trump, Obama, JF Kennedy ;New York, Amsterdam, Berlin ;Lake Constance, Silbersee, Albsee;Zugspitze, Mount Everest, Ural ;Berlin, Paris, Rome;France, germany, Italy ;China, Vietnam, Japan ;Africa, America, Europe ;Duck, eagle, sparrow;Elefant, Zebra, Lion ;Chair, table, couch ;Avocado, broccoli, carrot;Hamburger, Sandwich, Pizza ;Eiffelturm, Brandenburger Tor, Kolosseum ;BASF, DB, Bosch ;Apple, Levis, Amazon ;Apple, Microsoft, Intel;28;Female;Master's degree;Germany
2022/03/09 4:33:01 PM OEZ;;Hugh Jackman, Emma Stone, Ryan Reynolds;Swing, Jazz, Rap;Harry Potter;Joanne K. Rowling, Sebastian Fitzek, Daniel Kahnemann;Christian Lindner;Biden, Trump, Obama;Berlin, Hannover, Heidelberg;Gardasee;Zugspitze;London, Wien, Sofia;Sweden, Austria, Portugal;China;Afrika, Asia, Europe;Owl;Giraffe;Chair;Potato, bean, Lentil;Burger, Fries, Milkshake;Eiffel Tower, Buckingham Palace, Arc de Triumphe;SAP, Porsche, Miele;Apple ;Apple, Microsoft, SpaceC;25;Female;Master's degree;Germany
2022/03/09 8:32:54 PM OEZ;Matrix, Forrest Gump, Home alone ;Leonardo DiCaprio, Tom Hanks, Matthew Mcconaughey;Punk rock, psychedelic rock, jazz;Harry Potter, Moby Dick, The Catcher in the Rye;Alexandre Dumas, Victor Hugo, Yuval Harari;Nelson Mandela, Angela Merkel, Emmanuel Macron ; Obama, Lincoln, Biden ;Berlin, Tokyo, London ;Laggo Maggiore, Baikal, Tahoe ;Dolomites, Alps, Carpathian Mountains ;Paris, Kopenhagen, Brussels ;Poland, Slovakia, France;China, South Korea, Japan;Eurasia, Afrika, North America ;Stork, Pigeon, Colibri;Lion, Elefant, Zebra ;Chair, table, couch ;Cucumber,  Broccoli, Carrot;Burger, Dönner, Falafel;Place of Versailles, Roman Forum, Sagrada Familia;Volkswagen, SAP, Daimler;Apple, Google, Amazon ;Salesforce, Oracle, Microsoft ;25;Female;Bachelor's degree;Russia
2022/03/10 12:17:30 AM OEZ;Pretty Woman, Ghost, Es;Elyas M‘Barek, Daniel Radcliffe, Mark Wahlberg;Hardstyle, Techno, House ;Passanger 23, the Therapy, Noah;Stephen King, J.K Rowling, Sebastian Fitzek;Merkel, Scholz, Lauterbach;Obama, Bush, Biden;Mönchengladbach, Hamburg, Munich;Chiemsee, Eibsee, Bodensee;Zugspitze, Matterhorn, Mount Everest;Lisbon, Warsaw, Rome;Germany, Iceland, Norway;Indonesia, Sri Lanka, Thailand;Africa, Asia, Australia;Budgie, parrot, Eagle;Elephant, Zebra, Hippo;Chair, bed, table ;Cucumber, Mushroom, avocado;Pizza, Burger, Döner;Petersdome, Akropolis, Big Ben;Fresenius, SAP, Allianz ;Apple, Walmart, Amazon ;IBM, Apple, Microsoft ;24;Female;High school degree or equivalent;Germany 
2022/03/10 12:39:49 AM OEZ;Home alone, Star Wars, Harry Potter;Leonardo DiCaprio, Will Smith, Till Schweiger;Jazz, Hip-Hop, Rock;Bibel, die Leiden des jungen Wärter, Faust;J.K Rowling, Astrid Lindgren, Sebastian Fitzek;Olaf Scholz, Norbert Röttgen, Donald Trump;Joe Biden, Donald Trump, George Bush;Heidelberg, Leimen, Mannheim;Lake Michigan, Lake Konstanz, Aral lake;Mount Everest, Zugspitze, Katzenbuckel;Berlin, Kiew, Warschau;Germany, Poland, Spain;China, Vietnam, Japan;Africa, Australia, Europe;Maise, Amsel, Elster;Monkey, Crocodile, Hippo;Chair, Table, Couch;Tomato, Cucumber, Pumpkin;Burger, Pizza, Sushi;Eiffeltower, Heidelberg castle, Berliner Tor;Vw, Mercedes Benz, SAP;Google, Amazon, Microsoft;Google, Apple, Amazon;26;Male;Bachelor's degree;Germany
2022/03/10 1:38:47 AM OEZ;Batman, spiderman, Titanic ;Leonardo di Caprio, Orlando Bloom, Channing Tatum;Pop, Rock, House;Harry Potter, Herr der Ringe, Cafe on the edge of the world;Lindgren, Nicholas Sparks, Stephan King;Scholz, Habeck, Von der Leyen;Obama, Trump, Biden;New York, London, Barcelona;Lake Constance, Eibsee, Alpsee;Mount Everest, mount Blanc, matterhorn;Berlin, Paris, Madrid;Germany, Spain, France ;Indonesia, China, Philipines;Asia, Europe, Africa;Eagle, budgie, parrot;Tiger, elephant, giraffe;Table, chair, couch;Tomato, carrot, paprika;Burger, Pommes, Nuggets;Eiffel Tower, Colosseum, Brandenburger Tor;Apple, Samsung, SAP;Apple, Amazon, Nike;Apple, Microsoft, Facebook ;27;Female;Master's degree;Germany
2022/03/10 1:48:08 AM OEZ;Spiderman, Titanic, House of Wax;Eddie Murphy, Leonardo Di Caprio, Tom Hardy;Rap, Rock, Pop;Holy Quran, Risiko, Rich Dad Poor Dad;Rafi Schami, Astrid Lindgren, Stefan Kopetzky;Colin Powell, Joseph Biden, Sarah Wagenknecht;Trump, Kennedy, Lincoln;Munich, Berlin, Hamburg ;Eriesee, Bodensee, Titi Kaka See;Nanga Parbat, K2, Feldberg;Kopenhagen, Paris, Madrid ;Rumänien, Griechenland, Dänemark ;Syria, China, Pakistan;Asia, Europe, Africa;Wellensittich, Türkentaube, Zilpzalp;Giraffe, Elephant, Lion;Chair, table, cupboard ;Cucumber, Tomatos, Paprika;Burger, Döner, Pizza ;Akropolis, Kathedralmoschee Cordoca, Eiffelturm;Benz, SAP, Adidas;Blackrock, Cisco, Alphabet;Amazon, Alphabet, Salesforce;25;Male;Bachelor's degree;Germany 
2022/03/10 9:54:49 AM OEZ;Titanic, Forrest Gump, Pulp Fiction;Leonardo DiCaprio, Kate Winslet, Jamie Foxx;Techno, House, Heavy Metal;Salems Lot, It, Dune;Stephen King, Hermann Hesse, Ken Follett;Angela Merkel, Cem Özdemir, Frank Walter Steinmeier;Barack Obama, Joe Biden, George W. Bush;Berlin, Paris, Madrid;Griebnitzsee, Krumme Lanke, Schlachtensee;Zugspitze, Matterhorn, K2;Berlin, Paris, Madrid;Germany, Spain, France;Japan, Indonesia, China;Europe, Asia, South America;raven, ostrich, peacock;Elephant, Zebra, Lion;chair, table, bed;Potato, paprika, onion;Burger, hot dog, fries;Eiffeltower, Louvre, coliseum;SAP, BASF, Porsche;Microsoft, Apple, FedEx;Microsoft, Apple, Alphabet;25;Male;High school degree or equivalent;Germany
2022/03/10 4:15:08 PM OEZ;Pulp Fiction, Pretty Woman, The Green Mile;Tom Holland, Jonah Hill, Mila Kunis ;R&B, Techno, Rap;Atomic Habits, Normal People, Principals;James Clear, J. K. Rowling, Salley Rooney;Olaf Scholz, Vladimir Putin, Wolodymyr Selenskyj;Barack Obama, Donald Trump, Joe Biden;Berlin, Rome, Sydney;Lake como, lake garda, starnbergersee ;Table Mountain, Zugspitze, Kilimanjaro;Berlin, Amsterdam, Copenhagen;Germany, Poland, Italy;Indonesia, China, Japan;Europe, North America, Africa ;dove, eagle, sparrow;Zebra, Rhino, Aligator;Desk, Couch, Sideboard;Pepper, Broccoli, Spinach;Burger, Pizza, Fries;Brandenburger Tor, Colosseum, Eiffeltower  ;Mercedes, SAP, VW;Tesla, Amazon, Apple;Meta, Apple, Alphabet;28;Male;High school degree or equivalent;Germany
2022/03/10 6:03:31 PM OEZ;Pretty Woman, Toy Story, Matrix;Robert de Niro, Tom Hanks, Morgen Freeman;Pop, Rock, Classic;Harry Potter, Chronicles of Narnia, Gone with the Wind;Roald Dahl, Jane Austin, JK Rowling;Boris Johnson, Barack Obama, Vladimir Putin;Barack Obama, Joe Biden, George Bush;London, Seville, Rome;Loch Ness, Lake Garda, Lake Michigan;Mount Everest, Matterhorn, Ben Nevis;London, Madrid, Rome;Great Britain, Spain, Germany;China, Japan, Singapore;Europe, Asia, Africa;Blackbird, Robin, Blue tit;Elephant, Giraffe, Zebra;Sofa, Wardrobe, Dining Table;Potatoes, Bell peppers, Mushrooms;Curry, Burger, Kebab;Buckingham Palace, Plaza de Sevilla, Heidelberg Castle;adidas, SAP, Deutsche Telekom;Walmart, Amazon, Target;Microsoft, Apple, Oracle;47;Female;Bachelor's degree;England
2022/03/11 6:18:51 PM OEZ;Matrix, Men in Black, The Usual Suspects;Tom Hanks, David Hasselhoff, Dwayne Johnson;Hip-Hop, Metal, Jazz;Wolfsblut, Yoga Nidra, Jetzt!;Jack London, Astrid Lindgren, Wolfgang Hohlbein;Angela Merkel, Donald Trump, Kim jong un;Barrack Obama, Abraham Lincoln, George Washington;London, Berlin, Künzelsau; Lake Constance, Lake Garda;Zugspitze, Kilimanjaro, Mount Everest;London, Berlin, Warsaw;France, Germany, Poland;South Korea, China, India;Asia, Europe, Africa;blackbird, tit, finch;Elephant, water buffalo, rhino;Chair, Table, Sofa;Tomato, Cucumber, Capsicum;Hamburger, Cheeseburger, Chips;Eiffel Tower, Zugspitze, Bodensee;Linde, Bayer, Heidelberg Cement;Alphabet, Apple, Pinterest;Alphabet, Apple, Pinterest;38;Male;Bachelor's degree;Germany
2022/03/14 4:43:30 AM OEZ;Mission Impossible/Harry Potter/The Lord of the Rings;Tom Cruise/Angelina Jolie/Julie Andrews;Barroco/Classicism/Romance;Tao and Teh/The Story of Art/Oliver Twist;Lao Zi/Louisa May Alcott/Grimm;Trump/Obama/Clinton;Trump/Obama/Roosevelt;Shanghai/Beijing/London;West Lake/Peyto Lake/Wolfgangsee;Himalayan/Alps/Kilimanjaro;Berlin/London/Paris;Germany/GB/France;China/Japan/Korean;Asia/Europe/Africa;Robin/Nightingale/Seagull;Lion/Elephant/Tiger;Sofa/Table/Chair;Potato/Tomato/Cucumber;Hamburger/Fried Chips/Chicken;Alps/The Eiffel Tower/Big Ben;SAP/VW/BASF;Tesla/JP Morgan/GM;HP/Oracle/Dell;40;Female;Bachelor's degree;China
2022/03/15 10:08:27 AM OEZ;Matrix, Star wars, Lion King;Leonardo Di Caprio, Will Smith, Robert De Niro;Pop, Rock, Hip Hop;Kite Runer, Forty rules of love, Sapiens;J K Rowling, Khaled Hosseini, Nicholas Sparks;Putin, Bush, Trump;Bush, Trump, Biden;Rome, Mannheim, Paris;Königsee;K2, Everest, Nanga Parbat;Helsinki, Berlin, Rome;Germany, Italy, Spain;China, Russia, Pakistan ;America, Europe, Asia;;Zebra, Elephant, Lion;Cupboard, Dining table, Sofa;Pumpkin, Broccolli, Eggplant;Mcdonalds, Buger King, KFC;Eiffel Tower, Nueschwanstein Castle, Charles Bridge;BASF, SAP, Covestro;Apple, Amazon, Microsoft;Apple, Microsoft, Amazon;28;Female;High school degree or equivalent;Pakistan
2022/03/15 1:02:58 PM OEZ;Star Wars, Notting Hill, The Silence of the Lambs;Tom Hanks, Robin Williams, Julia Roberts;pop, rock, hiphop;Bible, Catcher in the rhye, Glennkill;Haruki Murakami, Thomas Mann, Stieg Larsson;Merkel, Putin, Biden;Biden, Obama, Trump;Mannheim, Stuttgart, Munich;Lake Constance, Lake Erie, Lake Titikaka;Mount Everest, K2, Mont Blanc;Berlin, Paris, London;Germany, France, Austria;China, Russia, Japan;europe, africa, asia;blackbird, sparrow, tit;lion, elephant, giraffe;sofa, desk, bed;broccoli, spinach, carrot;burger, fries, pizza;Eiffel Tower, Brandenburg Gate, St. Peters's Basilica;SAP, BASF, Daimler;Google, Tesla, Amazon;Facebook, Google, Amazon;48;Female;Diplom;Germany
2022/03/16 12:40:28 PM OEZ;Lion King, American Pie, Kevin - Home Alone;Robert Downey Jr., Jennifer Aniston, Kevin James;R&B, Pop, Rap;Playlist, Hunger Games, Die Bestimmung;Sebastian Fitzek, JP Kraemer, J.K. Rowling;Barack Obama, Angela Merkel, Nelson Mandela;Barack Obama, John F. Kennedy, Abraham Lincoln;Munich, Reykjavik, Lisbon;Lake Constance, Loch Ness, Lake Garda;K2, Grossglockner, Zugspitze;Reykjavik, Oslo, Helsinki ;Iceland, Sweden, Portugal;Japan, India, Nepal;Europe, Australia, Antarctic;falcon, parrot, eagle;lion, elephant, hippo;bed, couch, cabinet ;paprika, potato, onion;Burger, Pizza, Pommes;Eiffel tower, Colosseum, brandenburg gate;Adidas, Allianz, BMW;Ford, Amazon, Apple;Apple, Microsoft, Google;26;Male;Less than a high school degree;germany
2022/03/16 8:51:49 PM OEZ;Prinzessin Mononoke, Pulp Fiction, Seven ;Chris Evans, Sebastian Stan, Jensen Ackles ;Rock, Soul, Jazz ;Wer die Nachtigall stört, Das Geschenk, Harry Potter und die Kammer des Schreckens;Fitzgerald, Astrid Lindgren, Walter Moers;Merkel, Obama, Hitler ;Lincoln, Bush, Obama ;Jaipur, Berlin, Heidelberg ;Lake Michigan, Bodensee, Tittikakasee;Mount Everest, Zugspitze, Stetind;Berlin, Sofia, Helsinki ;Germany, Poland, Spain ;Thailand, India, Russia ;Europe, Australia, Africa ;Eule, Rabe, Kolibri ;Zebra, Knu, Afrikanischer Elefant ;Couch, Bed, drawers ;Tomato cucumber garlic;Burger, Hot Dog, French Fries ;Tour Eiffel, Brandenburger Tor, Rakotzbrücke;Meta, teslar, apple ;Amazon, Tiffany & Co., Whole Foods;Meta, apple, Microsoft ;26;Female;High school degree or equivalent;Germany
2022/03/17 3:47:38 PM OEZ;Clueless, The Wedding Singer, Misery;Chris Pratt, Brad Pitt, Matt Damon ;Indie, Classical, pop;Lord of the Rings, Harry Potter and the Sorcerer's Stone, and Breakfast of Champions ;Tolkien, Rowling, Kurt Vonnegut;Joe Biden, Barrack Obama, Hilary Clinton;Washington, Lincoln, Kennedy;Pittsburgh, Las Vegas, London;Erie, Michigan, Huron;Alps, Rockies, Pyrenees;Paris, Lisbon, Berlin ;Wales, Germany, France;India, China, Turkey;Australia, Europe, Asia;cardinal, robin, wren;elephant, hyena, hippo;Couch, table, bed;broccoli, carrots, green beans;McDonalds, Wendy's, Arby's;Big Ben, Loch Ness, Eifel Tower;Adidas, Bayer, BMW;Craft Heinz, Amazon, Apple;Microsoft, Verizon, Netflix;45;Female;Bachelor's degree;U.S.A.
2022/03/17 5:00:36 PM OEZ;10 things i hate about you, my girl;michelle keegan, david walliams;carrot, mushroom, pepper;play dead, catch, this is going to hurt a bit;harlan coben, meg carter, giovanna fletcher;Borris Johnson, Theresa May, Tony Blair;Trump, biden, kennedy;birmingham, nice, amsterdam;Loch ness, windemere;val d'sere, etna;barcelona, london, dublin;italy, spain, france;thailand, cambodia, japan;europe, australasia, africa;magpie, crow, robin;elephant, lion, antelope;bed, wardrobe, desk;;burgers, fries, pizza;eiffel tower, mannekin de pis, big ben;;amazon, apple;apple, amazon, microsoft;23;Female;Master's degree;england
2022/03/17 6:04:05 PM OEZ;Clueless ;Jennifer Aniston, Brad Pitt, Angelina Jolie;Techno, Rock, House;Harry Potter, A curious incident of a dog in the night time, notes on a nervous planet;Charlotte Brontë, Benedict Wells, Jane Austen;Gerhard Schröder, Angela Merkel ;Biden, Bush, Kennedy;Berlin, Hamburg, Munich ;Lake constance;Zugspitze, Watzmann, Feldberg;London, Paris, Berlin;Italy, Spain, France ;Thailand, Japan;Asia, Africa, America;Seagull, robyn, sparrow ;Antelope, lion, elefant ;Chair, desk, lamp ;Carot, eggplant, brokkoli ;Burger, Pizza, Hot dogs ;Eiffel tower, Tower Bridge, Brandenburger Tor;;Amazon, Apple;Apple, Microsoft, Amazon;26;Female;Bachelor's degree;Germany
2022/03/20 1:46:31 PM OEZ;Chocolat, Cinema Paradiso, The Silence of the Lambs;Daniel Craig, Juliette Binoche, julia Roberts;Jazz, Classic, Heavy Metal;Der Tod in Venedig, Eine kurze Geschichteder Zeit, Das Parfum;Thomas Mann, Günter Grass, Franz Kafka;Caesar, Napoleon, Putin;lincoln, Kennedy, Trump;Paris, Berlin, Rome;Lake Louise, Lake Geneva, Lake Constance;Matterhorn, Großglockner, Zugspitze;Paris, Berlin, Rome;Germany, Spain, Italian;Thailand, China, Indien;europe, asia, africa;Eagle, Swallow, Pigeon;Lion, Giraffe, Rhinoceros;Barcelona Chair, Diamond Chair, Le Corbusier LC4;Beans, Peas Carrots;Burger, Hot Dog, Taco;Eifelturm, Brandenburger Tor, Atomuim Brussels;Telekom, BASF, Daimler Group (new);Ford, McDonald, Wrangler;apple, microsoft, netflix;70;Female;Dipl.-Ing.;Germany
2022/03/24 1:59:30 PM OEZ;Ghost Dog: The Way of the Samurai, Mrs. Doubtfire, Eyes Wide Shut;Brad Pitt, Lily James, Paul Dano;Hip hop, Rock, Pop;Milkman, Sarah, The Magic of Thinking Big;Anthony Robbins, Esther Hicks, Jerry Hicks;Bernard Sanders, Angela Merkel, Boris Johnson;Bill Clinton, George W. Bush, Barack Obama;New York, Washington, Dublin;Lake Baikal, Lake Superior, Lake Victoria;Everest, Damavand, Dena;Dublin, London, Belfast;Republic of Ireland, England, Germany;Iran, Japan, South Korea;Asia, Africa, Europe;Hens, sparrows, roosters;Elephants, hippopatemous, giraffes;chair, table, sofa;Aubergines, zucchinis, Lettuces;Pizzas, Burgers, French fries;Glendalough, Bray, Kilkenny;Airbus SE, Adidas AG, Allianz SE;Apple, Walmart, Amazon;IBM, Google, Microsoft;33;Female;Master's degree;Iran
2022/03/24 5:30:21 PM OEZ;;Richard Gere, Julia Roberts, Bruce Willis;pop, metal, hip hop;Catcher in the rye, Tom Sawyer, The Bible;Stephen King, Ernest Hemingway, Astrid Lindgren;Boris Johnson, Angela Merkel, Madeleine Albright;Roosevelt, Obama, George W. Bush;New York, Stockholm, Munich;Lake Ontario, Lake Victoria, Bodensee;Zugspitze, Triglav, Matterhorn;Paris, London, Helsinki;France, Germany, Italy;China, Korea, Vietnam;Asia, Europe, Africa;eagle, nightingale, seagull;elephant, lion, gnu;chair, table, sofa;bean, coliflour, carrot ;hamburger, fried chicken, pizza;Big Ben, Eiffel tower, Colosseum;Siemens, Deutsche Bank;McDonalds, Meta, Starbucks;Apple, Google, Tesla;59;Male;Doctorate (e.g. PhD);Germany
2022/04/01 11:01:06 PM OEZ;Jurassic Park, Pulp Fiction, DAncer in the DArk;max schreck, peter lorre, orson welles;rock, hiphop, classic;Absalom Absalom, Die unendiche Gschichte, Buddenbrooks;William Faulkner, thomas Mann, Selma Lagerlöv;Angla Merkel, Joe Biden, Wladimir Putin;joe biden, donald trump, george washington;rome, bologna, Berlin;lake erie, Bodensee, aralsee;aconcagua, mount everest, zugspitze;paris, london, berlin;Malta, France, Germany;mongolia, china, india;europe, asia, australia;thrush, crow, stork;lion, zebra, giraffe;chair, sofa, table;cucumber, cauliflower,onion;burger, chips, döner kebap;Sagrada Familia, Bradenburger Tor, Knossos ;siemens, bosch, deutsche bank;apple, ford, chrysler;google, apple, microsoft;47;Female;Doctorate (e.g. PhD);GErmany
2022/04/01 11:08:50 PM OEZ;Four Weddings and a Funeral, Gegen die Wand, Clerks, ;Kevin Bacon, KEanu Reeves, Dustin Hoffman;pop, jazz, classic;Harry Potter and the Goblet of Fire, The King of Narnia, Pippi Longstocking;Toni Morrisson, Stanislaw Lem, Richard Scarry;Annalena Baerbock, Wladimir Putin, Olaf scholz;Joe Biden, Barak Obama, Donald trump;Berlin, München, Hamburg;Bodensee, Krumme Lanke, Wannsee;mount everest, zugspitze, brocken;Paris, Rome, London;Germany, Denmark, Poland;China, Korea, Japan;Asia, Europe, Afrcia;sparrow, eagle, falcon;lion, elephant, cheeta;bed, table, sofa;carrot, turnip, cucumber;hot dog, burger, french fries;Dome in Cologne, Tower Bridge, Versailles Palace;Siemens, Volkswagen, BMW;Ford Motorcars, Coca Cola,  HEinz Ketchup;apple, microsoft, facebook;50;Female;Doctorate (e.g. PhD);Germany
2022/04/01 11:30:14 PM OEZ;Pulp Fiction, James Bond - Golden Eye, Finding Nemo;Hugh Grant, Jack Nicholson, MArlene Dietrich;Jazz, Swing, Opera;Atlas shrugged, To kill a mockingbird, cien anos de soledad;Len Deighton, Ernest Hemingway, Mario Vargas Llosa;Roosevelt, Churchill, Bismarck;Joe Biden, Abraham Lincoln, Barack Obama;New York, Hamburg, Bremen;Tegernsee, Starnberger See, Spitzingsee;Mont Blanc, Zugspitze, Monte Baldo;Vienna, Berlin, Moskau;Lithuania, Germany, Sweden;China, Vietnam, Indonesia;asia, america, europe;flamingo, swan, raven;Leopard, Elephant, Lion;cupboard, table, chair;Ondion, potato, tomato;Pizza, Hamburger, Fish and chips;Louvre, Alhambra, Old town of Prag;Mercedes, Bosch, MIele;Peterbilt Trucks, Walt Disney, McDonalds;apple, google, hewlett packard;45;Female;Doctorate (e.g. PhD);Germany